Copyright 1986-2022 Xilinx, Inc. All Rights Reserved. Copyright 2022-2025 Advanced Micro Devices, Inc. All Rights Reserved.
------------------------------------------------------------------------------------------------------------------------------------------------------------------------------------------------------------------------------------------------
| Tool Version : Vivado v.2025.2 (lin64) Build 6299465 Fri Nov 14 12:34:56 MST 2025
| Date         : Wed Aug 12 16:17:51 2026
| Host         : thiyanand-Yoga-Slim-7-14IMH9 running 64-bit Ubuntu 24.04.4 LTS
| Command      : report_timing_summary -max_paths 10 -routable_nets -report_unconstrained -file cpu_8bit_top_timing_summary_routed.rpt -pb cpu_8bit_top_timing_summary_routed.pb -rpx cpu_8bit_top_timing_summary_routed.rpx -warn_on_violation
| Design       : cpu_8bit_top
| Device       : 7a35t-cpg236
| Speed File   : -1  PRODUCTION 1.23 2018-06-13
| Design State : Routed
------------------------------------------------------------------------------------------------------------------------------------------------------------------------------------------------------------------------------------------------

Timing Summary Report

------------------------------------------------------------------------------------------------
| Timer Settings
| --------------
------------------------------------------------------------------------------------------------

  Enable Multi Corner Analysis               :  Yes
  Enable Pessimism Removal                   :  Yes
  Pessimism Removal Resolution               :  Nearest Common Node
  Enable Input Delay Default Clock           :  No
  Enable Preset / Clear Arcs                 :  No
  Disable Flight Delays                      :  No
  Ignore I/O Paths                           :  No
  Timing Early Launch at Borrowing Latches   :  No
  Borrow Time for Max Delay Exceptions       :  Yes
  Merge Timing Exceptions                    :  Yes
  Inter-SLR Compensation                     :  Conservative

  Corner  Analyze    Analyze    
  Name    Max Paths  Min Paths  
  ------  ---------  ---------  
  Slow    Yes        Yes        
  Fast    Yes        Yes        


------------------------------------------------------------------------------------------------
| Report Methodology
| ------------------
------------------------------------------------------------------------------------------------

Rule       Severity          Description                    Violations  
---------  ----------------  -----------------------------  ----------  
TIMING-17  Critical Warning  Non-clocked sequential cell    1000        
TIMING-18  Warning           Missing input or output delay  12          

Note: This report is based on the most recent report_methodology run and may not be up-to-date. Run report_methodology on the current design for the latest report.



check_timing report

Table of Contents
-----------------
1. checking no_clock (6360)
2. checking constant_clock (0)
3. checking pulse_width_clock (0)
4. checking unconstrained_internal_endpoints (4307)
5. checking no_input_delay (2)
6. checking no_output_delay (19)
7. checking multiple_clock (0)
8. checking generated_clocks (0)
9. checking loops (0)
10. checking partial_input_delay (0)
11. checking partial_output_delay (0)
12. checking latch_loops (0)

1. checking no_clock (6360)
---------------------------
 There are 2120 register/latch pins with no clock driven by root clock pin: prog_mode_sw (HIGH)

 There are 2120 register/latch pins with no clock driven by root clock pin: clk_div_reg[22]/Q (HIGH)

 There are 2120 register/latch pins with no clock driven by root clock pin: clk_div_reg[24]/Q (HIGH)


2. checking constant_clock (0)
------------------------------
 There are 0 register/latch pins with constant_clock.


3. checking pulse_width_clock (0)
---------------------------------
 There are 0 register/latch pins which need pulse_width check


4. checking unconstrained_internal_endpoints (4307)
---------------------------------------------------
 There are 4307 pins that are not constrained for maximum delay. (HIGH)

 There are 0 pins that are not constrained for maximum delay due to constant clock.


5. checking no_input_delay (2)
------------------------------
 There are 2 input ports with no input delay specified. (HIGH)

 There are 0 input ports with no input delay but user has a false path constraint.


6. checking no_output_delay (19)
--------------------------------
 There are 19 ports with no output delay specified. (HIGH)

 There are 0 ports with no output delay but user has a false path constraint

 There are 0 ports with no output delay but with a timing clock defined on it or propagating through it


7. checking multiple_clock (0)
------------------------------
 There are 0 register/latch pins with multiple clocks.


8. checking generated_clocks (0)
--------------------------------
 There are 0 generated clocks that are not connected to a clock source.


9. checking loops (0)
---------------------
 There are 0 combinational loops in the design.


10. checking partial_input_delay (0)
------------------------------------
 There are 0 input ports with partial input delay specified.


11. checking partial_output_delay (0)
-------------------------------------
 There are 0 ports with partial output delay specified.


12. checking latch_loops (0)
----------------------------
 There are 0 combinational latch loops in the design through latch input



------------------------------------------------------------------------------------------------
| Design Timing Summary
| ---------------------
------------------------------------------------------------------------------------------------

    WNS(ns)      TNS(ns)  TNS Failing Endpoints  TNS Total Endpoints      WHS(ns)      THS(ns)  THS Failing Endpoints  THS Total Endpoints     WPWS(ns)     TPWS(ns)  TPWS Failing Endpoints  TPWS Total Endpoints  
    -------      -------  ---------------------  -------------------      -------      -------  ---------------------  -------------------     --------     --------  ----------------------  --------------------  
      7.567        0.000                      0                   45        0.252        0.000                      0                   45        4.500        0.000                       0                    46  


All user specified timing constraints are met.


------------------------------------------------------------------------------------------------
| Clock Summary
| -------------
------------------------------------------------------------------------------------------------

Clock        Waveform(ns)       Period(ns)      Frequency(MHz)
-----        ------------       ----------      --------------
sys_clk_pin  {0.000 5.000}      10.000          100.000         


------------------------------------------------------------------------------------------------
| Intra Clock Table
| -----------------
------------------------------------------------------------------------------------------------

Clock             WNS(ns)      TNS(ns)  TNS Failing Endpoints  TNS Total Endpoints      WHS(ns)      THS(ns)  THS Failing Endpoints  THS Total Endpoints     WPWS(ns)     TPWS(ns)  TPWS Failing Endpoints  TPWS Total Endpoints  
-----             -------      -------  ---------------------  -------------------      -------      -------  ---------------------  -------------------     --------     --------  ----------------------  --------------------  
sys_clk_pin         7.567        0.000                      0                   45        0.252        0.000                      0                   45        4.500        0.000                       0                    46  


------------------------------------------------------------------------------------------------
| Inter Clock Table
| -----------------
------------------------------------------------------------------------------------------------

From Clock    To Clock          WNS(ns)      TNS(ns)  TNS Failing Endpoints  TNS Total Endpoints      WHS(ns)      THS(ns)  THS Failing Endpoints  THS Total Endpoints  
----------    --------          -------      -------  ---------------------  -------------------      -------      -------  ---------------------  -------------------  


------------------------------------------------------------------------------------------------
| Other Path Groups Table
| -----------------------
------------------------------------------------------------------------------------------------

Path Group    From Clock    To Clock          WNS(ns)      TNS(ns)  TNS Failing Endpoints  TNS Total Endpoints      WHS(ns)      THS(ns)  THS Failing Endpoints  THS Total Endpoints  
----------    ----------    --------          -------      -------  ---------------------  -------------------      -------      -------  ---------------------  -------------------  


------------------------------------------------------------------------------------------------
| User Ignored Path Table
| -----------------------
------------------------------------------------------------------------------------------------

Path Group    From Clock    To Clock    
----------    ----------    --------    


------------------------------------------------------------------------------------------------
| Unconstrained Path Table
| ------------------------
------------------------------------------------------------------------------------------------

Path Group    From Clock    To Clock    
----------    ----------    --------    
(none)                                    
(none)        sys_clk_pin                 
(none)                      sys_clk_pin   


------------------------------------------------------------------------------------------------
| Timing Details
| --------------
------------------------------------------------------------------------------------------------


---------------------------------------------------------------------------------------------------
From Clock:  sys_clk_pin
  To Clock:  sys_clk_pin

Setup :            0  Failing Endpoints,  Worst Slack        7.567ns,  Total Violation        0.000ns
Hold  :            0  Failing Endpoints,  Worst Slack        0.252ns,  Total Violation        0.000ns
PW    :            0  Failing Endpoints,  Worst Slack        4.500ns,  Total Violation        0.000ns
---------------------------------------------------------------------------------------------------


Max Delay Paths
--------------------------------------------------------------------------------------
Slack (MET) :             7.567ns  (required time - arrival time)
  Source:                 clk_div_reg[2]/C
                            (rising edge-triggered cell FDRE clocked by sys_clk_pin  {rise@0.000ns fall@5.000ns period=10.000ns})
  Destination:            clk_div_reg[24]/D
                            (rising edge-triggered cell FDRE clocked by sys_clk_pin  {rise@0.000ns fall@5.000ns period=10.000ns})
  Path Group:             sys_clk_pin
  Path Type:              Setup (Max at Slow Process Corner)
  Requirement:            10.000ns  (sys_clk_pin rise@10.000ns - sys_clk_pin rise@0.000ns)
  Data Path Delay:        2.439ns  (logic 1.771ns (72.619%)  route 0.668ns (27.381%))
  Logic Levels:           7  (CARRY4=7)
  Clock Path Skew:        -0.021ns (DCD - SCD + CPR)
    Destination Clock Delay (DCD):    4.785ns = ( 14.785 - 10.000 ) 
    Source Clock Delay      (SCD):    5.081ns
    Clock Pessimism Removal (CPR):    0.275ns
  Clock Uncertainty:      0.035ns  ((TSJ^2 + TIJ^2)^1/2 + DJ) / 2 + PE
    Total System Jitter     (TSJ):    0.071ns
    Total Input Jitter      (TIJ):    0.000ns
    Discrete Jitter          (DJ):    0.000ns
    Phase Error              (PE):    0.000ns

    Location             Delay type                Incr(ns)  Path(ns)    Netlist Resource(s)
  -------------------------------------------------------------------    -------------------
                         (clock sys_clk_pin rise edge)
                                                      0.000     0.000 r  
    W5                                                0.000     0.000 r  clk_100MHz (IN)
                         net (fo=0)                   0.000     0.000    clk_100MHz
    W5                   IBUF (Prop_ibuf_I_O)         1.458     1.458 r  clk_100MHz_IBUF_inst/O
                         net (fo=1, routed)           1.967     3.425    clk_100MHz_IBUF
    BUFGCTRL_X0Y1        BUFG (Prop_bufg_I_O)         0.096     3.521 r  clk_100MHz_IBUF_BUFG_inst/O
                         net (fo=45, routed)          1.560     5.081    clk_100MHz_IBUF_BUFG
    SLICE_X31Y35         FDRE                                         r  clk_div_reg[2]/C
  -------------------------------------------------------------------    -------------------
    SLICE_X31Y35         FDRE (Prop_fdre_C_Q)         0.456     5.537 r  clk_div_reg[2]/Q
                         net (fo=1, routed)           0.668     6.205    clk_div_reg_n_0_[2]
    SLICE_X31Y35         CARRY4 (Prop_carry4_S[2]_CO[3])
                                                      0.522     6.727 r  clk_div_reg[0]_i_1/CO[3]
                         net (fo=1, routed)           0.000     6.727    clk_div_reg[0]_i_1_n_0
    SLICE_X31Y36         CARRY4 (Prop_carry4_CI_CO[3])
                                                      0.114     6.841 r  clk_div_reg[4]_i_1/CO[3]
                         net (fo=1, routed)           0.000     6.841    clk_div_reg[4]_i_1_n_0
    SLICE_X31Y37         CARRY4 (Prop_carry4_CI_CO[3])
                                                      0.114     6.955 r  clk_div_reg[8]_i_1/CO[3]
                         net (fo=1, routed)           0.000     6.955    clk_div_reg[8]_i_1_n_0
    SLICE_X31Y38         CARRY4 (Prop_carry4_CI_CO[3])
                                                      0.114     7.069 r  clk_div_reg[12]_i_1/CO[3]
                         net (fo=1, routed)           0.000     7.069    clk_div_reg[12]_i_1_n_0
    SLICE_X31Y39         CARRY4 (Prop_carry4_CI_CO[3])
                                                      0.114     7.183 r  clk_div_reg[16]_i_1/CO[3]
                         net (fo=1, routed)           0.000     7.183    clk_div_reg[16]_i_1_n_0
    SLICE_X31Y40         CARRY4 (Prop_carry4_CI_CO[3])
                                                      0.114     7.297 r  clk_div_reg[20]_i_1/CO[3]
                         net (fo=1, routed)           0.000     7.297    clk_div_reg[20]_i_1_n_0
    SLICE_X31Y41         CARRY4 (Prop_carry4_CI_O[0])
                                                      0.223     7.520 r  clk_div_reg[24]_i_1/O[0]
                         net (fo=1, routed)           0.000     7.520    clk_div_reg[24]_i_1_n_7
    SLICE_X31Y41         FDRE                                         r  clk_div_reg[24]/D
  -------------------------------------------------------------------    -------------------

                         (clock sys_clk_pin rise edge)
                                                     10.000    10.000 r  
    W5                                                0.000    10.000 r  clk_100MHz (IN)
                         net (fo=0)                   0.000    10.000    clk_100MHz
    W5                   IBUF (Prop_ibuf_I_O)         1.388    11.388 r  clk_100MHz_IBUF_inst/O
                         net (fo=1, routed)           1.862    13.250    clk_100MHz_IBUF
    BUFGCTRL_X0Y1        BUFG (Prop_bufg_I_O)         0.091    13.341 r  clk_100MHz_IBUF_BUFG_inst/O
                         net (fo=45, routed)          1.444    14.785    clk_100MHz_IBUF_BUFG
    SLICE_X31Y41         FDRE                                         r  clk_div_reg[24]/C
                         clock pessimism              0.275    15.060    
                         clock uncertainty           -0.035    15.025    
    SLICE_X31Y41         FDRE (Setup_fdre_C_D)        0.062    15.087    clk_div_reg[24]
  -------------------------------------------------------------------
                         required time                         15.087    
                         arrival time                          -7.520    
  -------------------------------------------------------------------
                         slack                                  7.567    

Slack (MET) :             7.569ns  (required time - arrival time)
  Source:                 clk_div_reg[2]/C
                            (rising edge-triggered cell FDRE clocked by sys_clk_pin  {rise@0.000ns fall@5.000ns period=10.000ns})
  Destination:            clk_div_reg[21]/D
                            (rising edge-triggered cell FDRE clocked by sys_clk_pin  {rise@0.000ns fall@5.000ns period=10.000ns})
  Path Group:             sys_clk_pin
  Path Type:              Setup (Max at Slow Process Corner)
  Requirement:            10.000ns  (sys_clk_pin rise@10.000ns - sys_clk_pin rise@0.000ns)
  Data Path Delay:        2.436ns  (logic 1.768ns (72.585%)  route 0.668ns (27.415%))
  Logic Levels:           6  (CARRY4=6)
  Clock Path Skew:        -0.022ns (DCD - SCD + CPR)
    Destination Clock Delay (DCD):    4.784ns = ( 14.784 - 10.000 ) 
    Source Clock Delay      (SCD):    5.081ns
    Clock Pessimism Removal (CPR):    0.275ns
  Clock Uncertainty:      0.035ns  ((TSJ^2 + TIJ^2)^1/2 + DJ) / 2 + PE
    Total System Jitter     (TSJ):    0.071ns
    Total Input Jitter      (TIJ):    0.000ns
    Discrete Jitter          (DJ):    0.000ns
    Phase Error              (PE):    0.000ns

    Location             Delay type                Incr(ns)  Path(ns)    Netlist Resource(s)
  -------------------------------------------------------------------    -------------------
                         (clock sys_clk_pin rise edge)
                                                      0.000     0.000 r  
    W5                                                0.000     0.000 r  clk_100MHz (IN)
                         net (fo=0)                   0.000     0.000    clk_100MHz
    W5                   IBUF (Prop_ibuf_I_O)         1.458     1.458 r  clk_100MHz_IBUF_inst/O
                         net (fo=1, routed)           1.967     3.425    clk_100MHz_IBUF
    BUFGCTRL_X0Y1        BUFG (Prop_bufg_I_O)         0.096     3.521 r  clk_100MHz_IBUF_BUFG_inst/O
                         net (fo=45, routed)          1.560     5.081    clk_100MHz_IBUF_BUFG
    SLICE_X31Y35         FDRE                                         r  clk_div_reg[2]/C
  -------------------------------------------------------------------    -------------------
    SLICE_X31Y35         FDRE (Prop_fdre_C_Q)         0.456     5.537 r  clk_div_reg[2]/Q
                         net (fo=1, routed)           0.668     6.205    clk_div_reg_n_0_[2]
    SLICE_X31Y35         CARRY4 (Prop_carry4_S[2]_CO[3])
                                                      0.522     6.727 r  clk_div_reg[0]_i_1/CO[3]
                         net (fo=1, routed)           0.000     6.727    clk_div_reg[0]_i_1_n_0
    SLICE_X31Y36         CARRY4 (Prop_carry4_CI_CO[3])
                                                      0.114     6.841 r  clk_div_reg[4]_i_1/CO[3]
                         net (fo=1, routed)           0.000     6.841    clk_div_reg[4]_i_1_n_0
    SLICE_X31Y37         CARRY4 (Prop_carry4_CI_CO[3])
                                                      0.114     6.955 r  clk_div_reg[8]_i_1/CO[3]
                         net (fo=1, routed)           0.000     6.955    clk_div_reg[8]_i_1_n_0
    SLICE_X31Y38         CARRY4 (Prop_carry4_CI_CO[3])
                                                      0.114     7.069 r  clk_div_reg[12]_i_1/CO[3]
                         net (fo=1, routed)           0.000     7.069    clk_div_reg[12]_i_1_n_0
    SLICE_X31Y39         CARRY4 (Prop_carry4_CI_CO[3])
                                                      0.114     7.183 r  clk_div_reg[16]_i_1/CO[3]
                         net (fo=1, routed)           0.000     7.183    clk_div_reg[16]_i_1_n_0
    SLICE_X31Y40         CARRY4 (Prop_carry4_CI_O[1])
                                                      0.334     7.517 r  clk_div_reg[20]_i_1/O[1]
                         net (fo=1, routed)           0.000     7.517    clk_div_reg[20]_i_1_n_6
    SLICE_X31Y40         FDRE                                         r  clk_div_reg[21]/D
  -------------------------------------------------------------------    -------------------

                         (clock sys_clk_pin rise edge)
                                                     10.000    10.000 r  
    W5                                                0.000    10.000 r  clk_100MHz (IN)
                         net (fo=0)                   0.000    10.000    clk_100MHz
    W5                   IBUF (Prop_ibuf_I_O)         1.388    11.388 r  clk_100MHz_IBUF_inst/O
                         net (fo=1, routed)           1.862    13.250    clk_100MHz_IBUF
    BUFGCTRL_X0Y1        BUFG (Prop_bufg_I_O)         0.091    13.341 r  clk_100MHz_IBUF_BUFG_inst/O
                         net (fo=45, routed)          1.443    14.784    clk_100MHz_IBUF_BUFG
    SLICE_X31Y40         FDRE                                         r  clk_div_reg[21]/C
                         clock pessimism              0.275    15.059    
                         clock uncertainty           -0.035    15.024    
    SLICE_X31Y40         FDRE (Setup_fdre_C_D)        0.062    15.086    clk_div_reg[21]
  -------------------------------------------------------------------
                         required time                         15.086    
                         arrival time                          -7.517    
  -------------------------------------------------------------------
                         slack                                  7.569    

Slack (MET) :             7.590ns  (required time - arrival time)
  Source:                 clk_div_reg[2]/C
                            (rising edge-triggered cell FDRE clocked by sys_clk_pin  {rise@0.000ns fall@5.000ns period=10.000ns})
  Destination:            clk_div_reg[23]/D
                            (rising edge-triggered cell FDRE clocked by sys_clk_pin  {rise@0.000ns fall@5.000ns period=10.000ns})
  Path Group:             sys_clk_pin
  Path Type:              Setup (Max at Slow Process Corner)
  Requirement:            10.000ns  (sys_clk_pin rise@10.000ns - sys_clk_pin rise@0.000ns)
  Data Path Delay:        2.415ns  (logic 1.747ns (72.347%)  route 0.668ns (27.653%))
  Logic Levels:           6  (CARRY4=6)
  Clock Path Skew:        -0.022ns (DCD - SCD + CPR)
    Destination Clock Delay (DCD):    4.784ns = ( 14.784 - 10.000 ) 
    Source Clock Delay      (SCD):    5.081ns
    Clock Pessimism Removal (CPR):    0.275ns
  Clock Uncertainty:      0.035ns  ((TSJ^2 + TIJ^2)^1/2 + DJ) / 2 + PE
    Total System Jitter     (TSJ):    0.071ns
    Total Input Jitter      (TIJ):    0.000ns
    Discrete Jitter          (DJ):    0.000ns
    Phase Error              (PE):    0.000ns

    Location             Delay type                Incr(ns)  Path(ns)    Netlist Resource(s)
  -------------------------------------------------------------------    -------------------
                         (clock sys_clk_pin rise edge)
                                                      0.000     0.000 r  
    W5                                                0.000     0.000 r  clk_100MHz (IN)
                         net (fo=0)                   0.000     0.000    clk_100MHz
    W5                   IBUF (Prop_ibuf_I_O)         1.458     1.458 r  clk_100MHz_IBUF_inst/O
                         net (fo=1, routed)           1.967     3.425    clk_100MHz_IBUF
    BUFGCTRL_X0Y1        BUFG (Prop_bufg_I_O)         0.096     3.521 r  clk_100MHz_IBUF_BUFG_inst/O
                         net (fo=45, routed)          1.560     5.081    clk_100MHz_IBUF_BUFG
    SLICE_X31Y35         FDRE                                         r  clk_div_reg[2]/C
  -------------------------------------------------------------------    -------------------
    SLICE_X31Y35         FDRE (Prop_fdre_C_Q)         0.456     5.537 r  clk_div_reg[2]/Q
                         net (fo=1, routed)           0.668     6.205    clk_div_reg_n_0_[2]
    SLICE_X31Y35         CARRY4 (Prop_carry4_S[2]_CO[3])
                                                      0.522     6.727 r  clk_div_reg[0]_i_1/CO[3]
                         net (fo=1, routed)           0.000     6.727    clk_div_reg[0]_i_1_n_0
    SLICE_X31Y36         CARRY4 (Prop_carry4_CI_CO[3])
                                                      0.114     6.841 r  clk_div_reg[4]_i_1/CO[3]
                         net (fo=1, routed)           0.000     6.841    clk_div_reg[4]_i_1_n_0
    SLICE_X31Y37         CARRY4 (Prop_carry4_CI_CO[3])
                                                      0.114     6.955 r  clk_div_reg[8]_i_1/CO[3]
                         net (fo=1, routed)           0.000     6.955    clk_div_reg[8]_i_1_n_0
    SLICE_X31Y38         CARRY4 (Prop_carry4_CI_CO[3])
                                                      0.114     7.069 r  clk_div_reg[12]_i_1/CO[3]
                         net (fo=1, routed)           0.000     7.069    clk_div_reg[12]_i_1_n_0
    SLICE_X31Y39         CARRY4 (Prop_carry4_CI_CO[3])
                                                      0.114     7.183 r  clk_div_reg[16]_i_1/CO[3]
                         net (fo=1, routed)           0.000     7.183    clk_div_reg[16]_i_1_n_0
    SLICE_X31Y40         CARRY4 (Prop_carry4_CI_O[3])
                                                      0.313     7.496 r  clk_div_reg[20]_i_1/O[3]
                         net (fo=1, routed)           0.000     7.496    clk_div_reg[20]_i_1_n_4
    SLICE_X31Y40         FDRE                                         r  clk_div_reg[23]/D
  -------------------------------------------------------------------    -------------------

                         (clock sys_clk_pin rise edge)
                                                     10.000    10.000 r  
    W5                                                0.000    10.000 r  clk_100MHz (IN)
                         net (fo=0)                   0.000    10.000    clk_100MHz
    W5                   IBUF (Prop_ibuf_I_O)         1.388    11.388 r  clk_100MHz_IBUF_inst/O
                         net (fo=1, routed)           1.862    13.250    clk_100MHz_IBUF
    BUFGCTRL_X0Y1        BUFG (Prop_bufg_I_O)         0.091    13.341 r  clk_100MHz_IBUF_BUFG_inst/O
                         net (fo=45, routed)          1.443    14.784    clk_100MHz_IBUF_BUFG
    SLICE_X31Y40         FDRE                                         r  clk_div_reg[23]/C
                         clock pessimism              0.275    15.059    
                         clock uncertainty           -0.035    15.024    
    SLICE_X31Y40         FDRE (Setup_fdre_C_D)        0.062    15.086    clk_div_reg[23]
  -------------------------------------------------------------------
                         required time                         15.086    
                         arrival time                          -7.496    
  -------------------------------------------------------------------
                         slack                                  7.590    

Slack (MET) :             7.611ns  (required time - arrival time)
  Source:                 display_unit/refresh_counter_reg[1]/C
                            (rising edge-triggered cell FDCE clocked by sys_clk_pin  {rise@0.000ns fall@5.000ns period=10.000ns})
  Destination:            display_unit/refresh_counter_reg[17]/D
                            (rising edge-triggered cell FDCE clocked by sys_clk_pin  {rise@0.000ns fall@5.000ns period=10.000ns})
  Path Group:             sys_clk_pin
  Path Type:              Setup (Max at Slow Process Corner)
  Requirement:            10.000ns  (sys_clk_pin rise@10.000ns - sys_clk_pin rise@0.000ns)
  Data Path Delay:        2.434ns  (logic 1.849ns (75.960%)  route 0.585ns (24.040%))
  Logic Levels:           5  (CARRY4=5)
  Clock Path Skew:        -0.028ns (DCD - SCD + CPR)
    Destination Clock Delay (DCD):    4.787ns = ( 14.787 - 10.000 ) 
    Source Clock Delay      (SCD):    5.088ns
    Clock Pessimism Removal (CPR):    0.273ns
  Clock Uncertainty:      0.035ns  ((TSJ^2 + TIJ^2)^1/2 + DJ) / 2 + PE
    Total System Jitter     (TSJ):    0.071ns
    Total Input Jitter      (TIJ):    0.000ns
    Discrete Jitter          (DJ):    0.000ns
    Phase Error              (PE):    0.000ns

    Location             Delay type                Incr(ns)  Path(ns)    Netlist Resource(s)
  -------------------------------------------------------------------    -------------------
                         (clock sys_clk_pin rise edge)
                                                      0.000     0.000 r  
    W5                                                0.000     0.000 r  clk_100MHz (IN)
                         net (fo=0)                   0.000     0.000    clk_100MHz
    W5                   IBUF (Prop_ibuf_I_O)         1.458     1.458 r  clk_100MHz_IBUF_inst/O
                         net (fo=1, routed)           1.967     3.425    clk_100MHz_IBUF
    BUFGCTRL_X0Y1        BUFG (Prop_bufg_I_O)         0.096     3.521 r  clk_100MHz_IBUF_BUFG_inst/O
                         net (fo=45, routed)          1.567     5.088    display_unit/clk_100MHz_IBUF_BUFG
    SLICE_X10Y10         FDCE                                         r  display_unit/refresh_counter_reg[1]/C
  -------------------------------------------------------------------    -------------------
    SLICE_X10Y10         FDCE (Prop_fdce_C_Q)         0.518     5.606 r  display_unit/refresh_counter_reg[1]/Q
                         net (fo=1, routed)           0.585     6.191    display_unit/refresh_counter_reg_n_0_[1]
    SLICE_X10Y10         CARRY4 (Prop_carry4_S[1]_CO[3])
                                                      0.657     6.848 r  display_unit/refresh_counter_reg[0]_i_1/CO[3]
                         net (fo=1, routed)           0.000     6.848    display_unit/refresh_counter_reg[0]_i_1_n_0
    SLICE_X10Y11         CARRY4 (Prop_carry4_CI_CO[3])
                                                      0.117     6.965 r  display_unit/refresh_counter_reg[4]_i_1/CO[3]
                         net (fo=1, routed)           0.000     6.965    display_unit/refresh_counter_reg[4]_i_1_n_0
    SLICE_X10Y12         CARRY4 (Prop_carry4_CI_CO[3])
                                                      0.117     7.082 r  display_unit/refresh_counter_reg[8]_i_1/CO[3]
                         net (fo=1, routed)           0.000     7.082    display_unit/refresh_counter_reg[8]_i_1_n_0
    SLICE_X10Y13         CARRY4 (Prop_carry4_CI_CO[3])
                                                      0.117     7.199 r  display_unit/refresh_counter_reg[12]_i_1/CO[3]
                         net (fo=1, routed)           0.000     7.199    display_unit/refresh_counter_reg[12]_i_1_n_0
    SLICE_X10Y14         CARRY4 (Prop_carry4_CI_O[1])
                                                      0.323     7.522 r  display_unit/refresh_counter_reg[16]_i_1/O[1]
                         net (fo=1, routed)           0.000     7.522    display_unit/refresh_counter_reg[16]_i_1_n_6
    SLICE_X10Y14         FDCE                                         r  display_unit/refresh_counter_reg[17]/D
  -------------------------------------------------------------------    -------------------

                         (clock sys_clk_pin rise edge)
                                                     10.000    10.000 r  
    W5                                                0.000    10.000 r  clk_100MHz (IN)
                         net (fo=0)                   0.000    10.000    clk_100MHz
    W5                   IBUF (Prop_ibuf_I_O)         1.388    11.388 r  clk_100MHz_IBUF_inst/O
                         net (fo=1, routed)           1.862    13.250    clk_100MHz_IBUF
    BUFGCTRL_X0Y1        BUFG (Prop_bufg_I_O)         0.091    13.341 r  clk_100MHz_IBUF_BUFG_inst/O
                         net (fo=45, routed)          1.446    14.787    display_unit/clk_100MHz_IBUF_BUFG
    SLICE_X10Y14         FDCE                                         r  display_unit/refresh_counter_reg[17]/C
                         clock pessimism              0.273    15.060    
                         clock uncertainty           -0.035    15.025    
    SLICE_X10Y14         FDCE (Setup_fdce_C_D)        0.109    15.134    display_unit/refresh_counter_reg[17]
  -------------------------------------------------------------------
                         required time                         15.134    
                         arrival time                          -7.522    
  -------------------------------------------------------------------
                         slack                                  7.611    

Slack (MET) :             7.619ns  (required time - arrival time)
  Source:                 display_unit/refresh_counter_reg[1]/C
                            (rising edge-triggered cell FDCE clocked by sys_clk_pin  {rise@0.000ns fall@5.000ns period=10.000ns})
  Destination:            display_unit/refresh_counter_reg[19]/D
                            (rising edge-triggered cell FDCE clocked by sys_clk_pin  {rise@0.000ns fall@5.000ns period=10.000ns})
  Path Group:             sys_clk_pin
  Path Type:              Setup (Max at Slow Process Corner)
  Requirement:            10.000ns  (sys_clk_pin rise@10.000ns - sys_clk_pin rise@0.000ns)
  Data Path Delay:        2.426ns  (logic 1.841ns (75.880%)  route 0.585ns (24.119%))
  Logic Levels:           5  (CARRY4=5)
  Clock Path Skew:        -0.028ns (DCD - SCD + CPR)
    Destination Clock Delay (DCD):    4.787ns = ( 14.787 - 10.000 ) 
    Source Clock Delay      (SCD):    5.088ns
    Clock Pessimism Removal (CPR):    0.273ns
  Clock Uncertainty:      0.035ns  ((TSJ^2 + TIJ^2)^1/2 + DJ) / 2 + PE
    Total System Jitter     (TSJ):    0.071ns
    Total Input Jitter      (TIJ):    0.000ns
    Discrete Jitter          (DJ):    0.000ns
    Phase Error              (PE):    0.000ns

    Location             Delay type                Incr(ns)  Path(ns)    Netlist Resource(s)
  -------------------------------------------------------------------    -------------------
                         (clock sys_clk_pin rise edge)
                                                      0.000     0.000 r  
    W5                                                0.000     0.000 r  clk_100MHz (IN)
                         net (fo=0)                   0.000     0.000    clk_100MHz
    W5                   IBUF (Prop_ibuf_I_O)         1.458     1.458 r  clk_100MHz_IBUF_inst/O
                         net (fo=1, routed)           1.967     3.425    clk_100MHz_IBUF
    BUFGCTRL_X0Y1        BUFG (Prop_bufg_I_O)         0.096     3.521 r  clk_100MHz_IBUF_BUFG_inst/O
                         net (fo=45, routed)          1.567     5.088    display_unit/clk_100MHz_IBUF_BUFG
    SLICE_X10Y10         FDCE                                         r  display_unit/refresh_counter_reg[1]/C
  -------------------------------------------------------------------    -------------------
    SLICE_X10Y10         FDCE (Prop_fdce_C_Q)         0.518     5.606 r  display_unit/refresh_counter_reg[1]/Q
                         net (fo=1, routed)           0.585     6.191    display_unit/refresh_counter_reg_n_0_[1]
    SLICE_X10Y10         CARRY4 (Prop_carry4_S[1]_CO[3])
                                                      0.657     6.848 r  display_unit/refresh_counter_reg[0]_i_1/CO[3]
                         net (fo=1, routed)           0.000     6.848    display_unit/refresh_counter_reg[0]_i_1_n_0
    SLICE_X10Y11         CARRY4 (Prop_carry4_CI_CO[3])
                                                      0.117     6.965 r  display_unit/refresh_counter_reg[4]_i_1/CO[3]
                         net (fo=1, routed)           0.000     6.965    display_unit/refresh_counter_reg[4]_i_1_n_0
    SLICE_X10Y12         CARRY4 (Prop_carry4_CI_CO[3])
                                                      0.117     7.082 r  display_unit/refresh_counter_reg[8]_i_1/CO[3]
                         net (fo=1, routed)           0.000     7.082    display_unit/refresh_counter_reg[8]_i_1_n_0
    SLICE_X10Y13         CARRY4 (Prop_carry4_CI_CO[3])
                                                      0.117     7.199 r  display_unit/refresh_counter_reg[12]_i_1/CO[3]
                         net (fo=1, routed)           0.000     7.199    display_unit/refresh_counter_reg[12]_i_1_n_0
    SLICE_X10Y14         CARRY4 (Prop_carry4_CI_O[3])
                                                      0.315     7.514 r  display_unit/refresh_counter_reg[16]_i_1/O[3]
                         net (fo=1, routed)           0.000     7.514    display_unit/refresh_counter_reg[16]_i_1_n_4
    SLICE_X10Y14         FDCE                                         r  display_unit/refresh_counter_reg[19]/D
  -------------------------------------------------------------------    -------------------

                         (clock sys_clk_pin rise edge)
                                                     10.000    10.000 r  
    W5                                                0.000    10.000 r  clk_100MHz (IN)
                         net (fo=0)                   0.000    10.000    clk_100MHz
    W5                   IBUF (Prop_ibuf_I_O)         1.388    11.388 r  clk_100MHz_IBUF_inst/O
                         net (fo=1, routed)           1.862    13.250    clk_100MHz_IBUF
    BUFGCTRL_X0Y1        BUFG (Prop_bufg_I_O)         0.091    13.341 r  clk_100MHz_IBUF_BUFG_inst/O
                         net (fo=45, routed)          1.446    14.787    display_unit/clk_100MHz_IBUF_BUFG
    SLICE_X10Y14         FDCE                                         r  display_unit/refresh_counter_reg[19]/C
                         clock pessimism              0.273    15.060    
                         clock uncertainty           -0.035    15.025    
    SLICE_X10Y14         FDCE (Setup_fdce_C_D)        0.109    15.134    display_unit/refresh_counter_reg[19]
  -------------------------------------------------------------------
                         required time                         15.134    
                         arrival time                          -7.514    
  -------------------------------------------------------------------
                         slack                                  7.619    

Slack (MET) :             7.664ns  (required time - arrival time)
  Source:                 clk_div_reg[2]/C
                            (rising edge-triggered cell FDRE clocked by sys_clk_pin  {rise@0.000ns fall@5.000ns period=10.000ns})
  Destination:            clk_div_reg[22]/D
                            (rising edge-triggered cell FDRE clocked by sys_clk_pin  {rise@0.000ns fall@5.000ns period=10.000ns})
  Path Group:             sys_clk_pin
  Path Type:              Setup (Max at Slow Process Corner)
  Requirement:            10.000ns  (sys_clk_pin rise@10.000ns - sys_clk_pin rise@0.000ns)
  Data Path Delay:        2.341ns  (logic 1.673ns (71.473%)  route 0.668ns (28.527%))
  Logic Levels:           6  (CARRY4=6)
  Clock Path Skew:        -0.022ns (DCD - SCD + CPR)
    Destination Clock Delay (DCD):    4.784ns = ( 14.784 - 10.000 ) 
    Source Clock Delay      (SCD):    5.081ns
    Clock Pessimism Removal (CPR):    0.275ns
  Clock Uncertainty:      0.035ns  ((TSJ^2 + TIJ^2)^1/2 + DJ) / 2 + PE
    Total System Jitter     (TSJ):    0.071ns
    Total Input Jitter      (TIJ):    0.000ns
    Discrete Jitter          (DJ):    0.000ns
    Phase Error              (PE):    0.000ns

    Location             Delay type                Incr(ns)  Path(ns)    Netlist Resource(s)
  -------------------------------------------------------------------    -------------------
                         (clock sys_clk_pin rise edge)
                                                      0.000     0.000 r  
    W5                                                0.000     0.000 r  clk_100MHz (IN)
                         net (fo=0)                   0.000     0.000    clk_100MHz
    W5                   IBUF (Prop_ibuf_I_O)         1.458     1.458 r  clk_100MHz_IBUF_inst/O
                         net (fo=1, routed)           1.967     3.425    clk_100MHz_IBUF
    BUFGCTRL_X0Y1        BUFG (Prop_bufg_I_O)         0.096     3.521 r  clk_100MHz_IBUF_BUFG_inst/O
                         net (fo=45, routed)          1.560     5.081    clk_100MHz_IBUF_BUFG
    SLICE_X31Y35         FDRE                                         r  clk_div_reg[2]/C
  -------------------------------------------------------------------    -------------------
    SLICE_X31Y35         FDRE (Prop_fdre_C_Q)         0.456     5.537 r  clk_div_reg[2]/Q
                         net (fo=1, routed)           0.668     6.205    clk_div_reg_n_0_[2]
    SLICE_X31Y35         CARRY4 (Prop_carry4_S[2]_CO[3])
                                                      0.522     6.727 r  clk_div_reg[0]_i_1/CO[3]
                         net (fo=1, routed)           0.000     6.727    clk_div_reg[0]_i_1_n_0
    SLICE_X31Y36         CARRY4 (Prop_carry4_CI_CO[3])
                                                      0.114     6.841 r  clk_div_reg[4]_i_1/CO[3]
                         net (fo=1, routed)           0.000     6.841    clk_div_reg[4]_i_1_n_0
    SLICE_X31Y37         CARRY4 (Prop_carry4_CI_CO[3])
                                                      0.114     6.955 r  clk_div_reg[8]_i_1/CO[3]
                         net (fo=1, routed)           0.000     6.955    clk_div_reg[8]_i_1_n_0
    SLICE_X31Y38         CARRY4 (Prop_carry4_CI_CO[3])
                                                      0.114     7.069 r  clk_div_reg[12]_i_1/CO[3]
                         net (fo=1, routed)           0.000     7.069    clk_div_reg[12]_i_1_n_0
    SLICE_X31Y39         CARRY4 (Prop_carry4_CI_CO[3])
                                                      0.114     7.183 r  clk_div_reg[16]_i_1/CO[3]
                         net (fo=1, routed)           0.000     7.183    clk_div_reg[16]_i_1_n_0
    SLICE_X31Y40         CARRY4 (Prop_carry4_CI_O[2])
                                                      0.239     7.422 r  clk_div_reg[20]_i_1/O[2]
                         net (fo=1, routed)           0.000     7.422    clk_div_reg[20]_i_1_n_5
    SLICE_X31Y40         FDRE                                         r  clk_div_reg[22]/D
  -------------------------------------------------------------------    -------------------

                         (clock sys_clk_pin rise edge)
                                                     10.000    10.000 r  
    W5                                                0.000    10.000 r  clk_100MHz (IN)
                         net (fo=0)                   0.000    10.000    clk_100MHz
    W5                   IBUF (Prop_ibuf_I_O)         1.388    11.388 r  clk_100MHz_IBUF_inst/O
                         net (fo=1, routed)           1.862    13.250    clk_100MHz_IBUF
    BUFGCTRL_X0Y1        BUFG (Prop_bufg_I_O)         0.091    13.341 r  clk_100MHz_IBUF_BUFG_inst/O
                         net (fo=45, routed)          1.443    14.784    clk_100MHz_IBUF_BUFG
    SLICE_X31Y40         FDRE                                         r  clk_div_reg[22]/C
                         clock pessimism              0.275    15.059    
                         clock uncertainty           -0.035    15.024    
    SLICE_X31Y40         FDRE (Setup_fdre_C_D)        0.062    15.086    clk_div_reg[22]
  -------------------------------------------------------------------
                         required time                         15.086    
                         arrival time                          -7.422    
  -------------------------------------------------------------------
                         slack                                  7.664    

Slack (MET) :             7.680ns  (required time - arrival time)
  Source:                 clk_div_reg[2]/C
                            (rising edge-triggered cell FDRE clocked by sys_clk_pin  {rise@0.000ns fall@5.000ns period=10.000ns})
  Destination:            clk_div_reg[20]/D
                            (rising edge-triggered cell FDRE clocked by sys_clk_pin  {rise@0.000ns fall@5.000ns period=10.000ns})
  Path Group:             sys_clk_pin
  Path Type:              Setup (Max at Slow Process Corner)
  Requirement:            10.000ns  (sys_clk_pin rise@10.000ns - sys_clk_pin rise@0.000ns)
  Data Path Delay:        2.325ns  (logic 1.657ns (71.276%)  route 0.668ns (28.724%))
  Logic Levels:           6  (CARRY4=6)
  Clock Path Skew:        -0.022ns (DCD - SCD + CPR)
    Destination Clock Delay (DCD):    4.784ns = ( 14.784 - 10.000 ) 
    Source Clock Delay      (SCD):    5.081ns
    Clock Pessimism Removal (CPR):    0.275ns
  Clock Uncertainty:      0.035ns  ((TSJ^2 + TIJ^2)^1/2 + DJ) / 2 + PE
    Total System Jitter     (TSJ):    0.071ns
    Total Input Jitter      (TIJ):    0.000ns
    Discrete Jitter          (DJ):    0.000ns
    Phase Error              (PE):    0.000ns

    Location             Delay type                Incr(ns)  Path(ns)    Netlist Resource(s)
  -------------------------------------------------------------------    -------------------
                         (clock sys_clk_pin rise edge)
                                                      0.000     0.000 r  
    W5                                                0.000     0.000 r  clk_100MHz (IN)
                         net (fo=0)                   0.000     0.000    clk_100MHz
    W5                   IBUF (Prop_ibuf_I_O)         1.458     1.458 r  clk_100MHz_IBUF_inst/O
                         net (fo=1, routed)           1.967     3.425    clk_100MHz_IBUF
    BUFGCTRL_X0Y1        BUFG (Prop_bufg_I_O)         0.096     3.521 r  clk_100MHz_IBUF_BUFG_inst/O
                         net (fo=45, routed)          1.560     5.081    clk_100MHz_IBUF_BUFG
    SLICE_X31Y35         FDRE                                         r  clk_div_reg[2]/C
  -------------------------------------------------------------------    -------------------
    SLICE_X31Y35         FDRE (Prop_fdre_C_Q)         0.456     5.537 r  clk_div_reg[2]/Q
                         net (fo=1, routed)           0.668     6.205    clk_div_reg_n_0_[2]
    SLICE_X31Y35         CARRY4 (Prop_carry4_S[2]_CO[3])
                                                      0.522     6.727 r  clk_div_reg[0]_i_1/CO[3]
                         net (fo=1, routed)           0.000     6.727    clk_div_reg[0]_i_1_n_0
    SLICE_X31Y36         CARRY4 (Prop_carry4_CI_CO[3])
                                                      0.114     6.841 r  clk_div_reg[4]_i_1/CO[3]
                         net (fo=1, routed)           0.000     6.841    clk_div_reg[4]_i_1_n_0
    SLICE_X31Y37         CARRY4 (Prop_carry4_CI_CO[3])
                                                      0.114     6.955 r  clk_div_reg[8]_i_1/CO[3]
                         net (fo=1, routed)           0.000     6.955    clk_div_reg[8]_i_1_n_0
    SLICE_X31Y38         CARRY4 (Prop_carry4_CI_CO[3])
                                                      0.114     7.069 r  clk_div_reg[12]_i_1/CO[3]
                         net (fo=1, routed)           0.000     7.069    clk_div_reg[12]_i_1_n_0
    SLICE_X31Y39         CARRY4 (Prop_carry4_CI_CO[3])
                                                      0.114     7.183 r  clk_div_reg[16]_i_1/CO[3]
                         net (fo=1, routed)           0.000     7.183    clk_div_reg[16]_i_1_n_0
    SLICE_X31Y40         CARRY4 (Prop_carry4_CI_O[0])
                                                      0.223     7.406 r  clk_div_reg[20]_i_1/O[0]
                         net (fo=1, routed)           0.000     7.406    clk_div_reg[20]_i_1_n_7
    SLICE_X31Y40         FDRE                                         r  clk_div_reg[20]/D
  -------------------------------------------------------------------    -------------------

                         (clock sys_clk_pin rise edge)
                                                     10.000    10.000 r  
    W5                                                0.000    10.000 r  clk_100MHz (IN)
                         net (fo=0)                   0.000    10.000    clk_100MHz
    W5                   IBUF (Prop_ibuf_I_O)         1.388    11.388 r  clk_100MHz_IBUF_inst/O
                         net (fo=1, routed)           1.862    13.250    clk_100MHz_IBUF
    BUFGCTRL_X0Y1        BUFG (Prop_bufg_I_O)         0.091    13.341 r  clk_100MHz_IBUF_BUFG_inst/O
                         net (fo=45, routed)          1.443    14.784    clk_100MHz_IBUF_BUFG
    SLICE_X31Y40         FDRE                                         r  clk_div_reg[20]/C
                         clock pessimism              0.275    15.059    
                         clock uncertainty           -0.035    15.024    
    SLICE_X31Y40         FDRE (Setup_fdre_C_D)        0.062    15.086    clk_div_reg[20]
  -------------------------------------------------------------------
                         required time                         15.086    
                         arrival time                          -7.406    
  -------------------------------------------------------------------
                         slack                                  7.680    

Slack (MET) :             7.683ns  (required time - arrival time)
  Source:                 clk_div_reg[2]/C
                            (rising edge-triggered cell FDRE clocked by sys_clk_pin  {rise@0.000ns fall@5.000ns period=10.000ns})
  Destination:            clk_div_reg[17]/D
                            (rising edge-triggered cell FDRE clocked by sys_clk_pin  {rise@0.000ns fall@5.000ns period=10.000ns})
  Path Group:             sys_clk_pin
  Path Type:              Setup (Max at Slow Process Corner)
  Requirement:            10.000ns  (sys_clk_pin rise@10.000ns - sys_clk_pin rise@0.000ns)
  Data Path Delay:        2.322ns  (logic 1.654ns (71.239%)  route 0.668ns (28.761%))
  Logic Levels:           5  (CARRY4=5)
  Clock Path Skew:        -0.022ns (DCD - SCD + CPR)
    Destination Clock Delay (DCD):    4.784ns = ( 14.784 - 10.000 ) 
    Source Clock Delay      (SCD):    5.081ns
    Clock Pessimism Removal (CPR):    0.275ns
  Clock Uncertainty:      0.035ns  ((TSJ^2 + TIJ^2)^1/2 + DJ) / 2 + PE
    Total System Jitter     (TSJ):    0.071ns
    Total Input Jitter      (TIJ):    0.000ns
    Discrete Jitter          (DJ):    0.000ns
    Phase Error              (PE):    0.000ns

    Location             Delay type                Incr(ns)  Path(ns)    Netlist Resource(s)
  -------------------------------------------------------------------    -------------------
                         (clock sys_clk_pin rise edge)
                                                      0.000     0.000 r  
    W5                                                0.000     0.000 r  clk_100MHz (IN)
                         net (fo=0)                   0.000     0.000    clk_100MHz
    W5                   IBUF (Prop_ibuf_I_O)         1.458     1.458 r  clk_100MHz_IBUF_inst/O
                         net (fo=1, routed)           1.967     3.425    clk_100MHz_IBUF
    BUFGCTRL_X0Y1        BUFG (Prop_bufg_I_O)         0.096     3.521 r  clk_100MHz_IBUF_BUFG_inst/O
                         net (fo=45, routed)          1.560     5.081    clk_100MHz_IBUF_BUFG
    SLICE_X31Y35         FDRE                                         r  clk_div_reg[2]/C
  -------------------------------------------------------------------    -------------------
    SLICE_X31Y35         FDRE (Prop_fdre_C_Q)         0.456     5.537 r  clk_div_reg[2]/Q
                         net (fo=1, routed)           0.668     6.205    clk_div_reg_n_0_[2]
    SLICE_X31Y35         CARRY4 (Prop_carry4_S[2]_CO[3])
                                                      0.522     6.727 r  clk_div_reg[0]_i_1/CO[3]
                         net (fo=1, routed)           0.000     6.727    clk_div_reg[0]_i_1_n_0
    SLICE_X31Y36         CARRY4 (Prop_carry4_CI_CO[3])
                                                      0.114     6.841 r  clk_div_reg[4]_i_1/CO[3]
                         net (fo=1, routed)           0.000     6.841    clk_div_reg[4]_i_1_n_0
    SLICE_X31Y37         CARRY4 (Prop_carry4_CI_CO[3])
                                                      0.114     6.955 r  clk_div_reg[8]_i_1/CO[3]
                         net (fo=1, routed)           0.000     6.955    clk_div_reg[8]_i_1_n_0
    SLICE_X31Y38         CARRY4 (Prop_carry4_CI_CO[3])
                                                      0.114     7.069 r  clk_div_reg[12]_i_1/CO[3]
                         net (fo=1, routed)           0.000     7.069    clk_div_reg[12]_i_1_n_0
    SLICE_X31Y39         CARRY4 (Prop_carry4_CI_O[1])
                                                      0.334     7.403 r  clk_div_reg[16]_i_1/O[1]
                         net (fo=1, routed)           0.000     7.403    clk_div_reg[16]_i_1_n_6
    SLICE_X31Y39         FDRE                                         r  clk_div_reg[17]/D
  -------------------------------------------------------------------    -------------------

                         (clock sys_clk_pin rise edge)
                                                     10.000    10.000 r  
    W5                                                0.000    10.000 r  clk_100MHz (IN)
                         net (fo=0)                   0.000    10.000    clk_100MHz
    W5                   IBUF (Prop_ibuf_I_O)         1.388    11.388 r  clk_100MHz_IBUF_inst/O
                         net (fo=1, routed)           1.862    13.250    clk_100MHz_IBUF
    BUFGCTRL_X0Y1        BUFG (Prop_bufg_I_O)         0.091    13.341 r  clk_100MHz_IBUF_BUFG_inst/O
                         net (fo=45, routed)          1.443    14.784    clk_100MHz_IBUF_BUFG
    SLICE_X31Y39         FDRE                                         r  clk_div_reg[17]/C
                         clock pessimism              0.275    15.059    
                         clock uncertainty           -0.035    15.024    
    SLICE_X31Y39         FDRE (Setup_fdre_C_D)        0.062    15.086    clk_div_reg[17]
  -------------------------------------------------------------------
                         required time                         15.086    
                         arrival time                          -7.403    
  -------------------------------------------------------------------
                         slack                                  7.683    

Slack (MET) :             7.695ns  (required time - arrival time)
  Source:                 display_unit/refresh_counter_reg[1]/C
                            (rising edge-triggered cell FDCE clocked by sys_clk_pin  {rise@0.000ns fall@5.000ns period=10.000ns})
  Destination:            display_unit/refresh_counter_reg[18]/D
                            (rising edge-triggered cell FDCE clocked by sys_clk_pin  {rise@0.000ns fall@5.000ns period=10.000ns})
  Path Group:             sys_clk_pin
  Path Type:              Setup (Max at Slow Process Corner)
  Requirement:            10.000ns  (sys_clk_pin rise@10.000ns - sys_clk_pin rise@0.000ns)
  Data Path Delay:        2.350ns  (logic 1.765ns (75.101%)  route 0.585ns (24.899%))
  Logic Levels:           5  (CARRY4=5)
  Clock Path Skew:        -0.028ns (DCD - SCD + CPR)
    Destination Clock Delay (DCD):    4.787ns = ( 14.787 - 10.000 ) 
    Source Clock Delay      (SCD):    5.088ns
    Clock Pessimism Removal (CPR):    0.273ns
  Clock Uncertainty:      0.035ns  ((TSJ^2 + TIJ^2)^1/2 + DJ) / 2 + PE
    Total System Jitter     (TSJ):    0.071ns
    Total Input Jitter      (TIJ):    0.000ns
    Discrete Jitter          (DJ):    0.000ns
    Phase Error              (PE):    0.000ns

    Location             Delay type                Incr(ns)  Path(ns)    Netlist Resource(s)
  -------------------------------------------------------------------    -------------------
                         (clock sys_clk_pin rise edge)
                                                      0.000     0.000 r  
    W5                                                0.000     0.000 r  clk_100MHz (IN)
                         net (fo=0)                   0.000     0.000    clk_100MHz
    W5                   IBUF (Prop_ibuf_I_O)         1.458     1.458 r  clk_100MHz_IBUF_inst/O
                         net (fo=1, routed)           1.967     3.425    clk_100MHz_IBUF
    BUFGCTRL_X0Y1        BUFG (Prop_bufg_I_O)         0.096     3.521 r  clk_100MHz_IBUF_BUFG_inst/O
                         net (fo=45, routed)          1.567     5.088    display_unit/clk_100MHz_IBUF_BUFG
    SLICE_X10Y10         FDCE                                         r  display_unit/refresh_counter_reg[1]/C
  -------------------------------------------------------------------    -------------------
    SLICE_X10Y10         FDCE (Prop_fdce_C_Q)         0.518     5.606 r  display_unit/refresh_counter_reg[1]/Q
                         net (fo=1, routed)           0.585     6.191    display_unit/refresh_counter_reg_n_0_[1]
    SLICE_X10Y10         CARRY4 (Prop_carry4_S[1]_CO[3])
                                                      0.657     6.848 r  display_unit/refresh_counter_reg[0]_i_1/CO[3]
                         net (fo=1, routed)           0.000     6.848    display_unit/refresh_counter_reg[0]_i_1_n_0
    SLICE_X10Y11         CARRY4 (Prop_carry4_CI_CO[3])
                                                      0.117     6.965 r  display_unit/refresh_counter_reg[4]_i_1/CO[3]
                         net (fo=1, routed)           0.000     6.965    display_unit/refresh_counter_reg[4]_i_1_n_0
    SLICE_X10Y12         CARRY4 (Prop_carry4_CI_CO[3])
                                                      0.117     7.082 r  display_unit/refresh_counter_reg[8]_i_1/CO[3]
                         net (fo=1, routed)           0.000     7.082    display_unit/refresh_counter_reg[8]_i_1_n_0
    SLICE_X10Y13         CARRY4 (Prop_carry4_CI_CO[3])
                                                      0.117     7.199 r  display_unit/refresh_counter_reg[12]_i_1/CO[3]
                         net (fo=1, routed)           0.000     7.199    display_unit/refresh_counter_reg[12]_i_1_n_0
    SLICE_X10Y14         CARRY4 (Prop_carry4_CI_O[2])
                                                      0.239     7.438 r  display_unit/refresh_counter_reg[16]_i_1/O[2]
                         net (fo=1, routed)           0.000     7.438    display_unit/refresh_counter_reg[16]_i_1_n_5
    SLICE_X10Y14         FDCE                                         r  display_unit/refresh_counter_reg[18]/D
  -------------------------------------------------------------------    -------------------

                         (clock sys_clk_pin rise edge)
                                                     10.000    10.000 r  
    W5                                                0.000    10.000 r  clk_100MHz (IN)
                         net (fo=0)                   0.000    10.000    clk_100MHz
    W5                   IBUF (Prop_ibuf_I_O)         1.388    11.388 r  clk_100MHz_IBUF_inst/O
                         net (fo=1, routed)           1.862    13.250    clk_100MHz_IBUF
    BUFGCTRL_X0Y1        BUFG (Prop_bufg_I_O)         0.091    13.341 r  clk_100MHz_IBUF_BUFG_inst/O
                         net (fo=45, routed)          1.446    14.787    display_unit/clk_100MHz_IBUF_BUFG
    SLICE_X10Y14         FDCE                                         r  display_unit/refresh_counter_reg[18]/C
                         clock pessimism              0.273    15.060    
                         clock uncertainty           -0.035    15.025    
    SLICE_X10Y14         FDCE (Setup_fdce_C_D)        0.109    15.134    display_unit/refresh_counter_reg[18]
  -------------------------------------------------------------------
                         required time                         15.134    
                         arrival time                          -7.438    
  -------------------------------------------------------------------
                         slack                                  7.695    

Slack (MET) :             7.704ns  (required time - arrival time)
  Source:                 clk_div_reg[2]/C
                            (rising edge-triggered cell FDRE clocked by sys_clk_pin  {rise@0.000ns fall@5.000ns period=10.000ns})
  Destination:            clk_div_reg[19]/D
                            (rising edge-triggered cell FDRE clocked by sys_clk_pin  {rise@0.000ns fall@5.000ns period=10.000ns})
  Path Group:             sys_clk_pin
  Path Type:              Setup (Max at Slow Process Corner)
  Requirement:            10.000ns  (sys_clk_pin rise@10.000ns - sys_clk_pin rise@0.000ns)
  Data Path Delay:        2.301ns  (logic 1.633ns (70.977%)  route 0.668ns (29.023%))
  Logic Levels:           5  (CARRY4=5)
  Clock Path Skew:        -0.022ns (DCD - SCD + CPR)
    Destination Clock Delay (DCD):    4.784ns = ( 14.784 - 10.000 ) 
    Source Clock Delay      (SCD):    5.081ns
    Clock Pessimism Removal (CPR):    0.275ns
  Clock Uncertainty:      0.035ns  ((TSJ^2 + TIJ^2)^1/2 + DJ) / 2 + PE
    Total System Jitter     (TSJ):    0.071ns
    Total Input Jitter      (TIJ):    0.000ns
    Discrete Jitter          (DJ):    0.000ns
    Phase Error              (PE):    0.000ns

    Location             Delay type                Incr(ns)  Path(ns)    Netlist Resource(s)
  -------------------------------------------------------------------    -------------------
                         (clock sys_clk_pin rise edge)
                                                      0.000     0.000 r  
    W5                                                0.000     0.000 r  clk_100MHz (IN)
                         net (fo=0)                   0.000     0.000    clk_100MHz
    W5                   IBUF (Prop_ibuf_I_O)         1.458     1.458 r  clk_100MHz_IBUF_inst/O
                         net (fo=1, routed)           1.967     3.425    clk_100MHz_IBUF
    BUFGCTRL_X0Y1        BUFG (Prop_bufg_I_O)         0.096     3.521 r  clk_100MHz_IBUF_BUFG_inst/O
                         net (fo=45, routed)          1.560     5.081    clk_100MHz_IBUF_BUFG
    SLICE_X31Y35         FDRE                                         r  clk_div_reg[2]/C
  -------------------------------------------------------------------    -------------------
    SLICE_X31Y35         FDRE (Prop_fdre_C_Q)         0.456     5.537 r  clk_div_reg[2]/Q
                         net (fo=1, routed)           0.668     6.205    clk_div_reg_n_0_[2]
    SLICE_X31Y35         CARRY4 (Prop_carry4_S[2]_CO[3])
                                                      0.522     6.727 r  clk_div_reg[0]_i_1/CO[3]
                         net (fo=1, routed)           0.000     6.727    clk_div_reg[0]_i_1_n_0
    SLICE_X31Y36         CARRY4 (Prop_carry4_CI_CO[3])
                                                      0.114     6.841 r  clk_div_reg[4]_i_1/CO[3]
                         net (fo=1, routed)           0.000     6.841    clk_div_reg[4]_i_1_n_0
    SLICE_X31Y37         CARRY4 (Prop_carry4_CI_CO[3])
                                                      0.114     6.955 r  clk_div_reg[8]_i_1/CO[3]
                         net (fo=1, routed)           0.000     6.955    clk_div_reg[8]_i_1_n_0
    SLICE_X31Y38         CARRY4 (Prop_carry4_CI_CO[3])
                                                      0.114     7.069 r  clk_div_reg[12]_i_1/CO[3]
                         net (fo=1, routed)           0.000     7.069    clk_div_reg[12]_i_1_n_0
    SLICE_X31Y39         CARRY4 (Prop_carry4_CI_O[3])
                                                      0.313     7.382 r  clk_div_reg[16]_i_1/O[3]
                         net (fo=1, routed)           0.000     7.382    clk_div_reg[16]_i_1_n_4
    SLICE_X31Y39         FDRE                                         r  clk_div_reg[19]/D
  -------------------------------------------------------------------    -------------------

                         (clock sys_clk_pin rise edge)
                                                     10.000    10.000 r  
    W5                                                0.000    10.000 r  clk_100MHz (IN)
                         net (fo=0)                   0.000    10.000    clk_100MHz
    W5                   IBUF (Prop_ibuf_I_O)         1.388    11.388 r  clk_100MHz_IBUF_inst/O
                         net (fo=1, routed)           1.862    13.250    clk_100MHz_IBUF
    BUFGCTRL_X0Y1        BUFG (Prop_bufg_I_O)         0.091    13.341 r  clk_100MHz_IBUF_BUFG_inst/O
                         net (fo=45, routed)          1.443    14.784    clk_100MHz_IBUF_BUFG
    SLICE_X31Y39         FDRE                                         r  clk_div_reg[19]/C
                         clock pessimism              0.275    15.059    
                         clock uncertainty           -0.035    15.024    
    SLICE_X31Y39         FDRE (Setup_fdre_C_D)        0.062    15.086    clk_div_reg[19]
  -------------------------------------------------------------------
                         required time                         15.086    
                         arrival time                          -7.382    
  -------------------------------------------------------------------
                         slack                                  7.704    





Min Delay Paths
--------------------------------------------------------------------------------------
Slack (MET) :             0.252ns  (arrival time - required time)
  Source:                 clk_div_reg[3]/C
                            (rising edge-triggered cell FDRE clocked by sys_clk_pin  {rise@0.000ns fall@5.000ns period=10.000ns})
  Destination:            clk_div_reg[3]/D
                            (rising edge-triggered cell FDRE clocked by sys_clk_pin  {rise@0.000ns fall@5.000ns period=10.000ns})
  Path Group:             sys_clk_pin
  Path Type:              Hold (Min at Fast Process Corner)
  Requirement:            0.000ns  (sys_clk_pin rise@0.000ns - sys_clk_pin rise@0.000ns)
  Data Path Delay:        0.357ns  (logic 0.249ns (69.714%)  route 0.108ns (30.286%))
  Logic Levels:           1  (CARRY4=1)
  Clock Path Skew:        0.000ns (DCD - SCD - CPR)
    Destination Clock Delay (DCD):    1.954ns
    Source Clock Delay      (SCD):    1.442ns
    Clock Pessimism Removal (CPR):    0.512ns

    Location             Delay type                Incr(ns)  Path(ns)    Netlist Resource(s)
  -------------------------------------------------------------------    -------------------
                         (clock sys_clk_pin rise edge)
                                                      0.000     0.000 r  
    W5                                                0.000     0.000 r  clk_100MHz (IN)
                         net (fo=0)                   0.000     0.000    clk_100MHz
    W5                   IBUF (Prop_ibuf_I_O)         0.226     0.226 r  clk_100MHz_IBUF_inst/O
                         net (fo=1, routed)           0.631     0.858    clk_100MHz_IBUF
    BUFGCTRL_X0Y1        BUFG (Prop_bufg_I_O)         0.026     0.884 r  clk_100MHz_IBUF_BUFG_inst/O
                         net (fo=45, routed)          0.559     1.442    clk_100MHz_IBUF_BUFG
    SLICE_X31Y35         FDRE                                         r  clk_div_reg[3]/C
  -------------------------------------------------------------------    -------------------
    SLICE_X31Y35         FDRE (Prop_fdre_C_Q)         0.141     1.583 r  clk_div_reg[3]/Q
                         net (fo=1, routed)           0.108     1.691    clk_div_reg_n_0_[3]
    SLICE_X31Y35         CARRY4 (Prop_carry4_S[3]_O[3])
                                                      0.108     1.799 r  clk_div_reg[0]_i_1/O[3]
                         net (fo=1, routed)           0.000     1.799    clk_div_reg[0]_i_1_n_4
    SLICE_X31Y35         FDRE                                         r  clk_div_reg[3]/D
  -------------------------------------------------------------------    -------------------

                         (clock sys_clk_pin rise edge)
                                                      0.000     0.000 r  
    W5                                                0.000     0.000 r  clk_100MHz (IN)
                         net (fo=0)                   0.000     0.000    clk_100MHz
    W5                   IBUF (Prop_ibuf_I_O)         0.414     0.414 r  clk_100MHz_IBUF_inst/O
                         net (fo=1, routed)           0.685     1.099    clk_100MHz_IBUF
    BUFGCTRL_X0Y1        BUFG (Prop_bufg_I_O)         0.029     1.128 r  clk_100MHz_IBUF_BUFG_inst/O
                         net (fo=45, routed)          0.827     1.954    clk_100MHz_IBUF_BUFG
    SLICE_X31Y35         FDRE                                         r  clk_div_reg[3]/C
                         clock pessimism             -0.512     1.442    
    SLICE_X31Y35         FDRE (Hold_fdre_C_D)         0.105     1.547    clk_div_reg[3]
  -------------------------------------------------------------------
                         required time                         -1.547    
                         arrival time                           1.799    
  -------------------------------------------------------------------
                         slack                                  0.252    

Slack (MET) :             0.252ns  (arrival time - required time)
  Source:                 clk_div_reg[7]/C
                            (rising edge-triggered cell FDRE clocked by sys_clk_pin  {rise@0.000ns fall@5.000ns period=10.000ns})
  Destination:            clk_div_reg[7]/D
                            (rising edge-triggered cell FDRE clocked by sys_clk_pin  {rise@0.000ns fall@5.000ns period=10.000ns})
  Path Group:             sys_clk_pin
  Path Type:              Hold (Min at Fast Process Corner)
  Requirement:            0.000ns  (sys_clk_pin rise@0.000ns - sys_clk_pin rise@0.000ns)
  Data Path Delay:        0.357ns  (logic 0.249ns (69.714%)  route 0.108ns (30.286%))
  Logic Levels:           1  (CARRY4=1)
  Clock Path Skew:        0.000ns (DCD - SCD - CPR)
    Destination Clock Delay (DCD):    1.954ns
    Source Clock Delay      (SCD):    1.442ns
    Clock Pessimism Removal (CPR):    0.512ns

    Location             Delay type                Incr(ns)  Path(ns)    Netlist Resource(s)
  -------------------------------------------------------------------    -------------------
                         (clock sys_clk_pin rise edge)
                                                      0.000     0.000 r  
    W5                                                0.000     0.000 r  clk_100MHz (IN)
                         net (fo=0)                   0.000     0.000    clk_100MHz
    W5                   IBUF (Prop_ibuf_I_O)         0.226     0.226 r  clk_100MHz_IBUF_inst/O
                         net (fo=1, routed)           0.631     0.858    clk_100MHz_IBUF
    BUFGCTRL_X0Y1        BUFG (Prop_bufg_I_O)         0.026     0.884 r  clk_100MHz_IBUF_BUFG_inst/O
                         net (fo=45, routed)          0.559     1.442    clk_100MHz_IBUF_BUFG
    SLICE_X31Y36         FDRE                                         r  clk_div_reg[7]/C
  -------------------------------------------------------------------    -------------------
    SLICE_X31Y36         FDRE (Prop_fdre_C_Q)         0.141     1.583 r  clk_div_reg[7]/Q
                         net (fo=1, routed)           0.108     1.691    clk_div_reg_n_0_[7]
    SLICE_X31Y36         CARRY4 (Prop_carry4_S[3]_O[3])
                                                      0.108     1.799 r  clk_div_reg[4]_i_1/O[3]
                         net (fo=1, routed)           0.000     1.799    clk_div_reg[4]_i_1_n_4
    SLICE_X31Y36         FDRE                                         r  clk_div_reg[7]/D
  -------------------------------------------------------------------    -------------------

                         (clock sys_clk_pin rise edge)
                                                      0.000     0.000 r  
    W5                                                0.000     0.000 r  clk_100MHz (IN)
                         net (fo=0)                   0.000     0.000    clk_100MHz
    W5                   IBUF (Prop_ibuf_I_O)         0.414     0.414 r  clk_100MHz_IBUF_inst/O
                         net (fo=1, routed)           0.685     1.099    clk_100MHz_IBUF
    BUFGCTRL_X0Y1        BUFG (Prop_bufg_I_O)         0.029     1.128 r  clk_100MHz_IBUF_BUFG_inst/O
                         net (fo=45, routed)          0.827     1.954    clk_100MHz_IBUF_BUFG
    SLICE_X31Y36         FDRE                                         r  clk_div_reg[7]/C
                         clock pessimism             -0.512     1.442    
    SLICE_X31Y36         FDRE (Hold_fdre_C_D)         0.105     1.547    clk_div_reg[7]
  -------------------------------------------------------------------
                         required time                         -1.547    
                         arrival time                           1.799    
  -------------------------------------------------------------------
                         slack                                  0.252    

Slack (MET) :             0.252ns  (arrival time - required time)
  Source:                 clk_div_reg[11]/C
                            (rising edge-triggered cell FDRE clocked by sys_clk_pin  {rise@0.000ns fall@5.000ns period=10.000ns})
  Destination:            clk_div_reg[11]/D
                            (rising edge-triggered cell FDRE clocked by sys_clk_pin  {rise@0.000ns fall@5.000ns period=10.000ns})
  Path Group:             sys_clk_pin
  Path Type:              Hold (Min at Fast Process Corner)
  Requirement:            0.000ns  (sys_clk_pin rise@0.000ns - sys_clk_pin rise@0.000ns)
  Data Path Delay:        0.357ns  (logic 0.249ns (69.714%)  route 0.108ns (30.286%))
  Logic Levels:           1  (CARRY4=1)
  Clock Path Skew:        0.000ns (DCD - SCD - CPR)
    Destination Clock Delay (DCD):    1.955ns
    Source Clock Delay      (SCD):    1.443ns
    Clock Pessimism Removal (CPR):    0.512ns

    Location             Delay type                Incr(ns)  Path(ns)    Netlist Resource(s)
  -------------------------------------------------------------------    -------------------
                         (clock sys_clk_pin rise edge)
                                                      0.000     0.000 r  
    W5                                                0.000     0.000 r  clk_100MHz (IN)
                         net (fo=0)                   0.000     0.000    clk_100MHz
    W5                   IBUF (Prop_ibuf_I_O)         0.226     0.226 r  clk_100MHz_IBUF_inst/O
                         net (fo=1, routed)           0.631     0.858    clk_100MHz_IBUF
    BUFGCTRL_X0Y1        BUFG (Prop_bufg_I_O)         0.026     0.884 r  clk_100MHz_IBUF_BUFG_inst/O
                         net (fo=45, routed)          0.560     1.443    clk_100MHz_IBUF_BUFG
    SLICE_X31Y37         FDRE                                         r  clk_div_reg[11]/C
  -------------------------------------------------------------------    -------------------
    SLICE_X31Y37         FDRE (Prop_fdre_C_Q)         0.141     1.584 r  clk_div_reg[11]/Q
                         net (fo=1, routed)           0.108     1.692    clk_div_reg_n_0_[11]
    SLICE_X31Y37         CARRY4 (Prop_carry4_S[3]_O[3])
                                                      0.108     1.800 r  clk_div_reg[8]_i_1/O[3]
                         net (fo=1, routed)           0.000     1.800    clk_div_reg[8]_i_1_n_4
    SLICE_X31Y37         FDRE                                         r  clk_div_reg[11]/D
  -------------------------------------------------------------------    -------------------

                         (clock sys_clk_pin rise edge)
                                                      0.000     0.000 r  
    W5                                                0.000     0.000 r  clk_100MHz (IN)
                         net (fo=0)                   0.000     0.000    clk_100MHz
    W5                   IBUF (Prop_ibuf_I_O)         0.414     0.414 r  clk_100MHz_IBUF_inst/O
                         net (fo=1, routed)           0.685     1.099    clk_100MHz_IBUF
    BUFGCTRL_X0Y1        BUFG (Prop_bufg_I_O)         0.029     1.128 r  clk_100MHz_IBUF_BUFG_inst/O
                         net (fo=45, routed)          0.828     1.955    clk_100MHz_IBUF_BUFG
    SLICE_X31Y37         FDRE                                         r  clk_div_reg[11]/C
                         clock pessimism             -0.512     1.443    
    SLICE_X31Y37         FDRE (Hold_fdre_C_D)         0.105     1.548    clk_div_reg[11]
  -------------------------------------------------------------------
                         required time                         -1.548    
                         arrival time                           1.800    
  -------------------------------------------------------------------
                         slack                                  0.252    

Slack (MET) :             0.252ns  (arrival time - required time)
  Source:                 clk_div_reg[15]/C
                            (rising edge-triggered cell FDRE clocked by sys_clk_pin  {rise@0.000ns fall@5.000ns period=10.000ns})
  Destination:            clk_div_reg[15]/D
                            (rising edge-triggered cell FDRE clocked by sys_clk_pin  {rise@0.000ns fall@5.000ns period=10.000ns})
  Path Group:             sys_clk_pin
  Path Type:              Hold (Min at Fast Process Corner)
  Requirement:            0.000ns  (sys_clk_pin rise@0.000ns - sys_clk_pin rise@0.000ns)
  Data Path Delay:        0.357ns  (logic 0.249ns (69.714%)  route 0.108ns (30.286%))
  Logic Levels:           1  (CARRY4=1)
  Clock Path Skew:        0.000ns (DCD - SCD - CPR)
    Destination Clock Delay (DCD):    1.957ns
    Source Clock Delay      (SCD):    1.444ns
    Clock Pessimism Removal (CPR):    0.513ns

    Location             Delay type                Incr(ns)  Path(ns)    Netlist Resource(s)
  -------------------------------------------------------------------    -------------------
                         (clock sys_clk_pin rise edge)
                                                      0.000     0.000 r  
    W5                                                0.000     0.000 r  clk_100MHz (IN)
                         net (fo=0)                   0.000     0.000    clk_100MHz
    W5                   IBUF (Prop_ibuf_I_O)         0.226     0.226 r  clk_100MHz_IBUF_inst/O
                         net (fo=1, routed)           0.631     0.858    clk_100MHz_IBUF
    BUFGCTRL_X0Y1        BUFG (Prop_bufg_I_O)         0.026     0.884 r  clk_100MHz_IBUF_BUFG_inst/O
                         net (fo=45, routed)          0.561     1.444    clk_100MHz_IBUF_BUFG
    SLICE_X31Y38         FDRE                                         r  clk_div_reg[15]/C
  -------------------------------------------------------------------    -------------------
    SLICE_X31Y38         FDRE (Prop_fdre_C_Q)         0.141     1.585 r  clk_div_reg[15]/Q
                         net (fo=1, routed)           0.108     1.693    clk_div_reg_n_0_[15]
    SLICE_X31Y38         CARRY4 (Prop_carry4_S[3]_O[3])
                                                      0.108     1.801 r  clk_div_reg[12]_i_1/O[3]
                         net (fo=1, routed)           0.000     1.801    clk_div_reg[12]_i_1_n_4
    SLICE_X31Y38         FDRE                                         r  clk_div_reg[15]/D
  -------------------------------------------------------------------    -------------------

                         (clock sys_clk_pin rise edge)
                                                      0.000     0.000 r  
    W5                                                0.000     0.000 r  clk_100MHz (IN)
                         net (fo=0)                   0.000     0.000    clk_100MHz
    W5                   IBUF (Prop_ibuf_I_O)         0.414     0.414 r  clk_100MHz_IBUF_inst/O
                         net (fo=1, routed)           0.685     1.099    clk_100MHz_IBUF
    BUFGCTRL_X0Y1        BUFG (Prop_bufg_I_O)         0.029     1.128 r  clk_100MHz_IBUF_BUFG_inst/O
                         net (fo=45, routed)          0.830     1.957    clk_100MHz_IBUF_BUFG
    SLICE_X31Y38         FDRE                                         r  clk_div_reg[15]/C
                         clock pessimism             -0.513     1.444    
    SLICE_X31Y38         FDRE (Hold_fdre_C_D)         0.105     1.549    clk_div_reg[15]
  -------------------------------------------------------------------
                         required time                         -1.549    
                         arrival time                           1.801    
  -------------------------------------------------------------------
                         slack                                  0.252    

Slack (MET) :             0.252ns  (arrival time - required time)
  Source:                 clk_div_reg[19]/C
                            (rising edge-triggered cell FDRE clocked by sys_clk_pin  {rise@0.000ns fall@5.000ns period=10.000ns})
  Destination:            clk_div_reg[19]/D
                            (rising edge-triggered cell FDRE clocked by sys_clk_pin  {rise@0.000ns fall@5.000ns period=10.000ns})
  Path Group:             sys_clk_pin
  Path Type:              Hold (Min at Fast Process Corner)
  Requirement:            0.000ns  (sys_clk_pin rise@0.000ns - sys_clk_pin rise@0.000ns)
  Data Path Delay:        0.357ns  (logic 0.249ns (69.714%)  route 0.108ns (30.286%))
  Logic Levels:           1  (CARRY4=1)
  Clock Path Skew:        0.000ns (DCD - SCD - CPR)
    Destination Clock Delay (DCD):    1.957ns
    Source Clock Delay      (SCD):    1.444ns
    Clock Pessimism Removal (CPR):    0.513ns

    Location             Delay type                Incr(ns)  Path(ns)    Netlist Resource(s)
  -------------------------------------------------------------------    -------------------
                         (clock sys_clk_pin rise edge)
                                                      0.000     0.000 r  
    W5                                                0.000     0.000 r  clk_100MHz (IN)
                         net (fo=0)                   0.000     0.000    clk_100MHz
    W5                   IBUF (Prop_ibuf_I_O)         0.226     0.226 r  clk_100MHz_IBUF_inst/O
                         net (fo=1, routed)           0.631     0.858    clk_100MHz_IBUF
    BUFGCTRL_X0Y1        BUFG (Prop_bufg_I_O)         0.026     0.884 r  clk_100MHz_IBUF_BUFG_inst/O
                         net (fo=45, routed)          0.561     1.444    clk_100MHz_IBUF_BUFG
    SLICE_X31Y39         FDRE                                         r  clk_div_reg[19]/C
  -------------------------------------------------------------------    -------------------
    SLICE_X31Y39         FDRE (Prop_fdre_C_Q)         0.141     1.585 r  clk_div_reg[19]/Q
                         net (fo=1, routed)           0.108     1.693    clk_div_reg_n_0_[19]
    SLICE_X31Y39         CARRY4 (Prop_carry4_S[3]_O[3])
                                                      0.108     1.801 r  clk_div_reg[16]_i_1/O[3]
                         net (fo=1, routed)           0.000     1.801    clk_div_reg[16]_i_1_n_4
    SLICE_X31Y39         FDRE                                         r  clk_div_reg[19]/D
  -------------------------------------------------------------------    -------------------

                         (clock sys_clk_pin rise edge)
                                                      0.000     0.000 r  
    W5                                                0.000     0.000 r  clk_100MHz (IN)
                         net (fo=0)                   0.000     0.000    clk_100MHz
    W5                   IBUF (Prop_ibuf_I_O)         0.414     0.414 r  clk_100MHz_IBUF_inst/O
                         net (fo=1, routed)           0.685     1.099    clk_100MHz_IBUF
    BUFGCTRL_X0Y1        BUFG (Prop_bufg_I_O)         0.029     1.128 r  clk_100MHz_IBUF_BUFG_inst/O
                         net (fo=45, routed)          0.830     1.957    clk_100MHz_IBUF_BUFG
    SLICE_X31Y39         FDRE                                         r  clk_div_reg[19]/C
                         clock pessimism             -0.513     1.444    
    SLICE_X31Y39         FDRE (Hold_fdre_C_D)         0.105     1.549    clk_div_reg[19]
  -------------------------------------------------------------------
                         required time                         -1.549    
                         arrival time                           1.801    
  -------------------------------------------------------------------
                         slack                                  0.252    

Slack (MET) :             0.252ns  (arrival time - required time)
  Source:                 clk_div_reg[23]/C
                            (rising edge-triggered cell FDRE clocked by sys_clk_pin  {rise@0.000ns fall@5.000ns period=10.000ns})
  Destination:            clk_div_reg[23]/D
                            (rising edge-triggered cell FDRE clocked by sys_clk_pin  {rise@0.000ns fall@5.000ns period=10.000ns})
  Path Group:             sys_clk_pin
  Path Type:              Hold (Min at Fast Process Corner)
  Requirement:            0.000ns  (sys_clk_pin rise@0.000ns - sys_clk_pin rise@0.000ns)
  Data Path Delay:        0.357ns  (logic 0.249ns (69.714%)  route 0.108ns (30.286%))
  Logic Levels:           1  (CARRY4=1)
  Clock Path Skew:        0.000ns (DCD - SCD - CPR)
    Destination Clock Delay (DCD):    1.958ns
    Source Clock Delay      (SCD):    1.445ns
    Clock Pessimism Removal (CPR):    0.513ns

    Location             Delay type                Incr(ns)  Path(ns)    Netlist Resource(s)
  -------------------------------------------------------------------    -------------------
                         (clock sys_clk_pin rise edge)
                                                      0.000     0.000 r  
    W5                                                0.000     0.000 r  clk_100MHz (IN)
                         net (fo=0)                   0.000     0.000    clk_100MHz
    W5                   IBUF (Prop_ibuf_I_O)         0.226     0.226 r  clk_100MHz_IBUF_inst/O
                         net (fo=1, routed)           0.631     0.858    clk_100MHz_IBUF
    BUFGCTRL_X0Y1        BUFG (Prop_bufg_I_O)         0.026     0.884 r  clk_100MHz_IBUF_BUFG_inst/O
                         net (fo=45, routed)          0.562     1.445    clk_100MHz_IBUF_BUFG
    SLICE_X31Y40         FDRE                                         r  clk_div_reg[23]/C
  -------------------------------------------------------------------    -------------------
    SLICE_X31Y40         FDRE (Prop_fdre_C_Q)         0.141     1.586 r  clk_div_reg[23]/Q
                         net (fo=1, routed)           0.108     1.694    clk_div_reg_n_0_[23]
    SLICE_X31Y40         CARRY4 (Prop_carry4_S[3]_O[3])
                                                      0.108     1.802 r  clk_div_reg[20]_i_1/O[3]
                         net (fo=1, routed)           0.000     1.802    clk_div_reg[20]_i_1_n_4
    SLICE_X31Y40         FDRE                                         r  clk_div_reg[23]/D
  -------------------------------------------------------------------    -------------------

                         (clock sys_clk_pin rise edge)
                                                      0.000     0.000 r  
    W5                                                0.000     0.000 r  clk_100MHz (IN)
                         net (fo=0)                   0.000     0.000    clk_100MHz
    W5                   IBUF (Prop_ibuf_I_O)         0.414     0.414 r  clk_100MHz_IBUF_inst/O
                         net (fo=1, routed)           0.685     1.099    clk_100MHz_IBUF
    BUFGCTRL_X0Y1        BUFG (Prop_bufg_I_O)         0.029     1.128 r  clk_100MHz_IBUF_BUFG_inst/O
                         net (fo=45, routed)          0.831     1.958    clk_100MHz_IBUF_BUFG
    SLICE_X31Y40         FDRE                                         r  clk_div_reg[23]/C
                         clock pessimism             -0.513     1.445    
    SLICE_X31Y40         FDRE (Hold_fdre_C_D)         0.105     1.550    clk_div_reg[23]
  -------------------------------------------------------------------
                         required time                         -1.550    
                         arrival time                           1.802    
  -------------------------------------------------------------------
                         slack                                  0.252    

Slack (MET) :             0.254ns  (arrival time - required time)
  Source:                 display_unit/refresh_counter_reg[10]/C
                            (rising edge-triggered cell FDCE clocked by sys_clk_pin  {rise@0.000ns fall@5.000ns period=10.000ns})
  Destination:            display_unit/refresh_counter_reg[10]/D
                            (rising edge-triggered cell FDCE clocked by sys_clk_pin  {rise@0.000ns fall@5.000ns period=10.000ns})
  Path Group:             sys_clk_pin
  Path Type:              Hold (Min at Fast Process Corner)
  Requirement:            0.000ns  (sys_clk_pin rise@0.000ns - sys_clk_pin rise@0.000ns)
  Data Path Delay:        0.388ns  (logic 0.274ns (70.550%)  route 0.114ns (29.450%))
  Logic Levels:           1  (CARRY4=1)
  Clock Path Skew:        0.000ns (DCD - SCD - CPR)
    Destination Clock Delay (DCD):    1.959ns
    Source Clock Delay      (SCD):    1.446ns
    Clock Pessimism Removal (CPR):    0.513ns

    Location             Delay type                Incr(ns)  Path(ns)    Netlist Resource(s)
  -------------------------------------------------------------------    -------------------
                         (clock sys_clk_pin rise edge)
                                                      0.000     0.000 r  
    W5                                                0.000     0.000 r  clk_100MHz (IN)
                         net (fo=0)                   0.000     0.000    clk_100MHz
    W5                   IBUF (Prop_ibuf_I_O)         0.226     0.226 r  clk_100MHz_IBUF_inst/O
                         net (fo=1, routed)           0.631     0.858    clk_100MHz_IBUF
    BUFGCTRL_X0Y1        BUFG (Prop_bufg_I_O)         0.026     0.884 r  clk_100MHz_IBUF_BUFG_inst/O
                         net (fo=45, routed)          0.563     1.446    display_unit/clk_100MHz_IBUF_BUFG
    SLICE_X10Y12         FDCE                                         r  display_unit/refresh_counter_reg[10]/C
  -------------------------------------------------------------------    -------------------
    SLICE_X10Y12         FDCE (Prop_fdce_C_Q)         0.164     1.610 r  display_unit/refresh_counter_reg[10]/Q
                         net (fo=1, routed)           0.114     1.725    display_unit/refresh_counter_reg_n_0_[10]
    SLICE_X10Y12         CARRY4 (Prop_carry4_S[2]_O[2])
                                                      0.110     1.835 r  display_unit/refresh_counter_reg[8]_i_1/O[2]
                         net (fo=1, routed)           0.000     1.835    display_unit/refresh_counter_reg[8]_i_1_n_5
    SLICE_X10Y12         FDCE                                         r  display_unit/refresh_counter_reg[10]/D
  -------------------------------------------------------------------    -------------------

                         (clock sys_clk_pin rise edge)
                                                      0.000     0.000 r  
    W5                                                0.000     0.000 r  clk_100MHz (IN)
                         net (fo=0)                   0.000     0.000    clk_100MHz
    W5                   IBUF (Prop_ibuf_I_O)         0.414     0.414 r  clk_100MHz_IBUF_inst/O
                         net (fo=1, routed)           0.685     1.099    clk_100MHz_IBUF
    BUFGCTRL_X0Y1        BUFG (Prop_bufg_I_O)         0.029     1.128 r  clk_100MHz_IBUF_BUFG_inst/O
                         net (fo=45, routed)          0.832     1.959    display_unit/clk_100MHz_IBUF_BUFG
    SLICE_X10Y12         FDCE                                         r  display_unit/refresh_counter_reg[10]/C
                         clock pessimism             -0.513     1.446    
    SLICE_X10Y12         FDCE (Hold_fdce_C_D)         0.134     1.580    display_unit/refresh_counter_reg[10]
  -------------------------------------------------------------------
                         required time                         -1.580    
                         arrival time                           1.835    
  -------------------------------------------------------------------
                         slack                                  0.254    

Slack (MET) :             0.254ns  (arrival time - required time)
  Source:                 display_unit/refresh_counter_reg[6]/C
                            (rising edge-triggered cell FDCE clocked by sys_clk_pin  {rise@0.000ns fall@5.000ns period=10.000ns})
  Destination:            display_unit/refresh_counter_reg[6]/D
                            (rising edge-triggered cell FDCE clocked by sys_clk_pin  {rise@0.000ns fall@5.000ns period=10.000ns})
  Path Group:             sys_clk_pin
  Path Type:              Hold (Min at Fast Process Corner)
  Requirement:            0.000ns  (sys_clk_pin rise@0.000ns - sys_clk_pin rise@0.000ns)
  Data Path Delay:        0.388ns  (logic 0.274ns (70.550%)  route 0.114ns (29.450%))
  Logic Levels:           1  (CARRY4=1)
  Clock Path Skew:        0.000ns (DCD - SCD - CPR)
    Destination Clock Delay (DCD):    1.961ns
    Source Clock Delay      (SCD):    1.447ns
    Clock Pessimism Removal (CPR):    0.514ns

    Location             Delay type                Incr(ns)  Path(ns)    Netlist Resource(s)
  -------------------------------------------------------------------    -------------------
                         (clock sys_clk_pin rise edge)
                                                      0.000     0.000 r  
    W5                                                0.000     0.000 r  clk_100MHz (IN)
                         net (fo=0)                   0.000     0.000    clk_100MHz
    W5                   IBUF (Prop_ibuf_I_O)         0.226     0.226 r  clk_100MHz_IBUF_inst/O
                         net (fo=1, routed)           0.631     0.858    clk_100MHz_IBUF
    BUFGCTRL_X0Y1        BUFG (Prop_bufg_I_O)         0.026     0.884 r  clk_100MHz_IBUF_BUFG_inst/O
                         net (fo=45, routed)          0.564     1.447    display_unit/clk_100MHz_IBUF_BUFG
    SLICE_X10Y11         FDCE                                         r  display_unit/refresh_counter_reg[6]/C
  -------------------------------------------------------------------    -------------------
    SLICE_X10Y11         FDCE (Prop_fdce_C_Q)         0.164     1.611 r  display_unit/refresh_counter_reg[6]/Q
                         net (fo=1, routed)           0.114     1.726    display_unit/refresh_counter_reg_n_0_[6]
    SLICE_X10Y11         CARRY4 (Prop_carry4_S[2]_O[2])
                                                      0.110     1.836 r  display_unit/refresh_counter_reg[4]_i_1/O[2]
                         net (fo=1, routed)           0.000     1.836    display_unit/refresh_counter_reg[4]_i_1_n_5
    SLICE_X10Y11         FDCE                                         r  display_unit/refresh_counter_reg[6]/D
  -------------------------------------------------------------------    -------------------

                         (clock sys_clk_pin rise edge)
                                                      0.000     0.000 r  
    W5                                                0.000     0.000 r  clk_100MHz (IN)
                         net (fo=0)                   0.000     0.000    clk_100MHz
    W5                   IBUF (Prop_ibuf_I_O)         0.414     0.414 r  clk_100MHz_IBUF_inst/O
                         net (fo=1, routed)           0.685     1.099    clk_100MHz_IBUF
    BUFGCTRL_X0Y1        BUFG (Prop_bufg_I_O)         0.029     1.128 r  clk_100MHz_IBUF_BUFG_inst/O
                         net (fo=45, routed)          0.834     1.961    display_unit/clk_100MHz_IBUF_BUFG
    SLICE_X10Y11         FDCE                                         r  display_unit/refresh_counter_reg[6]/C
                         clock pessimism             -0.514     1.447    
    SLICE_X10Y11         FDCE (Hold_fdce_C_D)         0.134     1.581    display_unit/refresh_counter_reg[6]
  -------------------------------------------------------------------
                         required time                         -1.581    
                         arrival time                           1.836    
  -------------------------------------------------------------------
                         slack                                  0.254    

Slack (MET) :             0.256ns  (arrival time - required time)
  Source:                 clk_div_reg[4]/C
                            (rising edge-triggered cell FDRE clocked by sys_clk_pin  {rise@0.000ns fall@5.000ns period=10.000ns})
  Destination:            clk_div_reg[4]/D
                            (rising edge-triggered cell FDRE clocked by sys_clk_pin  {rise@0.000ns fall@5.000ns period=10.000ns})
  Path Group:             sys_clk_pin
  Path Type:              Hold (Min at Fast Process Corner)
  Requirement:            0.000ns  (sys_clk_pin rise@0.000ns - sys_clk_pin rise@0.000ns)
  Data Path Delay:        0.361ns  (logic 0.256ns (70.880%)  route 0.105ns (29.120%))
  Logic Levels:           1  (CARRY4=1)
  Clock Path Skew:        0.000ns (DCD - SCD - CPR)
    Destination Clock Delay (DCD):    1.954ns
    Source Clock Delay      (SCD):    1.442ns
    Clock Pessimism Removal (CPR):    0.512ns

    Location             Delay type                Incr(ns)  Path(ns)    Netlist Resource(s)
  -------------------------------------------------------------------    -------------------
                         (clock sys_clk_pin rise edge)
                                                      0.000     0.000 r  
    W5                                                0.000     0.000 r  clk_100MHz (IN)
                         net (fo=0)                   0.000     0.000    clk_100MHz
    W5                   IBUF (Prop_ibuf_I_O)         0.226     0.226 r  clk_100MHz_IBUF_inst/O
                         net (fo=1, routed)           0.631     0.858    clk_100MHz_IBUF
    BUFGCTRL_X0Y1        BUFG (Prop_bufg_I_O)         0.026     0.884 r  clk_100MHz_IBUF_BUFG_inst/O
                         net (fo=45, routed)          0.559     1.442    clk_100MHz_IBUF_BUFG
    SLICE_X31Y36         FDRE                                         r  clk_div_reg[4]/C
  -------------------------------------------------------------------    -------------------
    SLICE_X31Y36         FDRE (Prop_fdre_C_Q)         0.141     1.583 r  clk_div_reg[4]/Q
                         net (fo=1, routed)           0.105     1.688    clk_div_reg_n_0_[4]
    SLICE_X31Y36         CARRY4 (Prop_carry4_S[0]_O[0])
                                                      0.115     1.803 r  clk_div_reg[4]_i_1/O[0]
                         net (fo=1, routed)           0.000     1.803    clk_div_reg[4]_i_1_n_7
    SLICE_X31Y36         FDRE                                         r  clk_div_reg[4]/D
  -------------------------------------------------------------------    -------------------

                         (clock sys_clk_pin rise edge)
                                                      0.000     0.000 r  
    W5                                                0.000     0.000 r  clk_100MHz (IN)
                         net (fo=0)                   0.000     0.000    clk_100MHz
    W5                   IBUF (Prop_ibuf_I_O)         0.414     0.414 r  clk_100MHz_IBUF_inst/O
                         net (fo=1, routed)           0.685     1.099    clk_100MHz_IBUF
    BUFGCTRL_X0Y1        BUFG (Prop_bufg_I_O)         0.029     1.128 r  clk_100MHz_IBUF_BUFG_inst/O
                         net (fo=45, routed)          0.827     1.954    clk_100MHz_IBUF_BUFG
    SLICE_X31Y36         FDRE                                         r  clk_div_reg[4]/C
                         clock pessimism             -0.512     1.442    
    SLICE_X31Y36         FDRE (Hold_fdre_C_D)         0.105     1.547    clk_div_reg[4]
  -------------------------------------------------------------------
                         required time                         -1.547    
                         arrival time                           1.803    
  -------------------------------------------------------------------
                         slack                                  0.256    

Slack (MET) :             0.256ns  (arrival time - required time)
  Source:                 clk_div_reg[20]/C
                            (rising edge-triggered cell FDRE clocked by sys_clk_pin  {rise@0.000ns fall@5.000ns period=10.000ns})
  Destination:            clk_div_reg[20]/D
                            (rising edge-triggered cell FDRE clocked by sys_clk_pin  {rise@0.000ns fall@5.000ns period=10.000ns})
  Path Group:             sys_clk_pin
  Path Type:              Hold (Min at Fast Process Corner)
  Requirement:            0.000ns  (sys_clk_pin rise@0.000ns - sys_clk_pin rise@0.000ns)
  Data Path Delay:        0.361ns  (logic 0.256ns (70.880%)  route 0.105ns (29.120%))
  Logic Levels:           1  (CARRY4=1)
  Clock Path Skew:        0.000ns (DCD - SCD - CPR)
    Destination Clock Delay (DCD):    1.958ns
    Source Clock Delay      (SCD):    1.445ns
    Clock Pessimism Removal (CPR):    0.513ns

    Location             Delay type                Incr(ns)  Path(ns)    Netlist Resource(s)
  -------------------------------------------------------------------    -------------------
                         (clock sys_clk_pin rise edge)
                                                      0.000     0.000 r  
    W5                                                0.000     0.000 r  clk_100MHz (IN)
                         net (fo=0)                   0.000     0.000    clk_100MHz
    W5                   IBUF (Prop_ibuf_I_O)         0.226     0.226 r  clk_100MHz_IBUF_inst/O
                         net (fo=1, routed)           0.631     0.858    clk_100MHz_IBUF
    BUFGCTRL_X0Y1        BUFG (Prop_bufg_I_O)         0.026     0.884 r  clk_100MHz_IBUF_BUFG_inst/O
                         net (fo=45, routed)          0.562     1.445    clk_100MHz_IBUF_BUFG
    SLICE_X31Y40         FDRE                                         r  clk_div_reg[20]/C
  -------------------------------------------------------------------    -------------------
    SLICE_X31Y40         FDRE (Prop_fdre_C_Q)         0.141     1.586 r  clk_div_reg[20]/Q
                         net (fo=1, routed)           0.105     1.691    clk_div_reg_n_0_[20]
    SLICE_X31Y40         CARRY4 (Prop_carry4_S[0]_O[0])
                                                      0.115     1.806 r  clk_div_reg[20]_i_1/O[0]
                         net (fo=1, routed)           0.000     1.806    clk_div_reg[20]_i_1_n_7
    SLICE_X31Y40         FDRE                                         r  clk_div_reg[20]/D
  -------------------------------------------------------------------    -------------------

                         (clock sys_clk_pin rise edge)
                                                      0.000     0.000 r  
    W5                                                0.000     0.000 r  clk_100MHz (IN)
                         net (fo=0)                   0.000     0.000    clk_100MHz
    W5                   IBUF (Prop_ibuf_I_O)         0.414     0.414 r  clk_100MHz_IBUF_inst/O
                         net (fo=1, routed)           0.685     1.099    clk_100MHz_IBUF
    BUFGCTRL_X0Y1        BUFG (Prop_bufg_I_O)         0.029     1.128 r  clk_100MHz_IBUF_BUFG_inst/O
                         net (fo=45, routed)          0.831     1.958    clk_100MHz_IBUF_BUFG
    SLICE_X31Y40         FDRE                                         r  clk_div_reg[20]/C
                         clock pessimism             -0.513     1.445    
    SLICE_X31Y40         FDRE (Hold_fdre_C_D)         0.105     1.550    clk_div_reg[20]
  -------------------------------------------------------------------
                         required time                         -1.550    
                         arrival time                           1.806    
  -------------------------------------------------------------------
                         slack                                  0.256    





Pulse Width Checks
--------------------------------------------------------------------------------------
Clock Name:         sys_clk_pin
Waveform(ns):       { 0.000 5.000 }
Period(ns):         10.000
Sources:            { clk_100MHz }

Check Type        Corner  Lib Pin  Reference Pin  Required(ns)  Actual(ns)  Slack(ns)  Location       Pin
Min Period        n/a     BUFG/I   n/a            2.155         10.000      7.845      BUFGCTRL_X0Y1  clk_100MHz_IBUF_BUFG_inst/I
Min Period        n/a     FDRE/C   n/a            1.000         10.000      9.000      SLICE_X31Y35   clk_div_reg[0]/C
Min Period        n/a     FDRE/C   n/a            1.000         10.000      9.000      SLICE_X31Y37   clk_div_reg[10]/C
Min Period        n/a     FDRE/C   n/a            1.000         10.000      9.000      SLICE_X31Y37   clk_div_reg[11]/C
Min Period        n/a     FDRE/C   n/a            1.000         10.000      9.000      SLICE_X31Y38   clk_div_reg[12]/C
Min Period        n/a     FDRE/C   n/a            1.000         10.000      9.000      SLICE_X31Y38   clk_div_reg[13]/C
Min Period        n/a     FDRE/C   n/a            1.000         10.000      9.000      SLICE_X31Y38   clk_div_reg[14]/C
Min Period        n/a     FDRE/C   n/a            1.000         10.000      9.000      SLICE_X31Y38   clk_div_reg[15]/C
Min Period        n/a     FDRE/C   n/a            1.000         10.000      9.000      SLICE_X31Y39   clk_div_reg[16]/C
Min Period        n/a     FDRE/C   n/a            1.000         10.000      9.000      SLICE_X31Y39   clk_div_reg[17]/C
Low Pulse Width   Slow    FDRE/C   n/a            0.500         5.000       4.500      SLICE_X31Y35   clk_div_reg[0]/C
Low Pulse Width   Fast    FDRE/C   n/a            0.500         5.000       4.500      SLICE_X31Y35   clk_div_reg[0]/C
Low Pulse Width   Slow    FDRE/C   n/a            0.500         5.000       4.500      SLICE_X31Y37   clk_div_reg[10]/C
Low Pulse Width   Fast    FDRE/C   n/a            0.500         5.000       4.500      SLICE_X31Y37   clk_div_reg[10]/C
Low Pulse Width   Slow    FDRE/C   n/a            0.500         5.000       4.500      SLICE_X31Y37   clk_div_reg[11]/C
Low Pulse Width   Fast    FDRE/C   n/a            0.500         5.000       4.500      SLICE_X31Y37   clk_div_reg[11]/C
Low Pulse Width   Slow    FDRE/C   n/a            0.500         5.000       4.500      SLICE_X31Y38   clk_div_reg[12]/C
Low Pulse Width   Fast    FDRE/C   n/a            0.500         5.000       4.500      SLICE_X31Y38   clk_div_reg[12]/C
Low Pulse Width   Slow    FDRE/C   n/a            0.500         5.000       4.500      SLICE_X31Y38   clk_div_reg[13]/C
Low Pulse Width   Fast    FDRE/C   n/a            0.500         5.000       4.500      SLICE_X31Y38   clk_div_reg[13]/C
High Pulse Width  Slow    FDRE/C   n/a            0.500         5.000       4.500      SLICE_X31Y35   clk_div_reg[0]/C
High Pulse Width  Fast    FDRE/C   n/a            0.500         5.000       4.500      SLICE_X31Y35   clk_div_reg[0]/C
High Pulse Width  Slow    FDRE/C   n/a            0.500         5.000       4.500      SLICE_X31Y37   clk_div_reg[10]/C
High Pulse Width  Fast    FDRE/C   n/a            0.500         5.000       4.500      SLICE_X31Y37   clk_div_reg[10]/C
High Pulse Width  Slow    FDRE/C   n/a            0.500         5.000       4.500      SLICE_X31Y37   clk_div_reg[11]/C
High Pulse Width  Fast    FDRE/C   n/a            0.500         5.000       4.500      SLICE_X31Y37   clk_div_reg[11]/C
High Pulse Width  Slow    FDRE/C   n/a            0.500         5.000       4.500      SLICE_X31Y38   clk_div_reg[12]/C
High Pulse Width  Fast    FDRE/C   n/a            0.500         5.000       4.500      SLICE_X31Y38   clk_div_reg[12]/C
High Pulse Width  Slow    FDRE/C   n/a            0.500         5.000       4.500      SLICE_X31Y38   clk_div_reg[13]/C
High Pulse Width  Fast    FDRE/C   n/a            0.500         5.000       4.500      SLICE_X31Y38   clk_div_reg[13]/C



--------------------------------------------------------------------------------------
Path Group:  (none)
From Clock:  
  To Clock:  

Max Delay          4322 Endpoints
Min Delay          4322 Endpoints
--------------------------------------------------------------------------------------


Max Delay Paths
--------------------------------------------------------------------------------------
Slack:                    inf
  Source:                 mar_reg/data_reg_reg[1]/C
                            (rising edge-triggered cell FDCE)
  Destination:            leds[1]
                            (output port)
  Path Group:             (none)
  Path Type:              Max at Slow Process Corner
  Data Path Delay:        24.415ns  (logic 5.649ns (23.137%)  route 18.766ns (76.863%))
  Logic Levels:           11  (FDCE=1 LUT3=2 LUT6=3 MUXF7=2 MUXF8=2 OBUF=1)

    Location             Delay type                Incr(ns)  Path(ns)    Netlist Resource(s)
  -------------------------------------------------------------------    -------------------
    SLICE_X7Y13          FDCE                         0.000     0.000 r  mar_reg/data_reg_reg[1]/C
    SLICE_X7Y13          FDCE (Prop_fdce_C_Q)         0.456     0.456 r  mar_reg/data_reg_reg[1]/Q
                         net (fo=636, routed)         8.928     9.384    ram/Q[1]
    SLICE_X15Y34         LUT6 (Prop_lut6_I2_O)        0.124     9.508 r  ram/memory_array[0][1]_i_91/O
                         net (fo=1, routed)           0.000     9.508    ram/memory_array[0][1]_i_91_n_0
    SLICE_X15Y34         MUXF7 (Prop_muxf7_I1_O)      0.217     9.725 r  ram/memory_array_reg[0][1]_i_43/O
                         net (fo=1, routed)           0.000     9.725    ram/memory_array_reg[0][1]_i_43_n_0
    SLICE_X15Y34         MUXF8 (Prop_muxf8_I1_O)      0.094     9.819 r  ram/memory_array_reg[0][1]_i_19/O
                         net (fo=1, routed)           1.186    11.005    ram/memory_array_reg[0][1]_i_19_n_0
    SLICE_X10Y17         LUT6 (Prop_lut6_I5_O)        0.316    11.321 r  ram/memory_array[0][1]_i_9/O
                         net (fo=1, routed)           0.000    11.321    ram/memory_array[0][1]_i_9_n_0
    SLICE_X10Y17         MUXF7 (Prop_muxf7_I1_O)      0.247    11.568 r  ram/memory_array_reg[0][1]_i_6/O
                         net (fo=1, routed)           0.000    11.568    ram/memory_array_reg[0][1]_i_6_n_0
    SLICE_X10Y17         MUXF8 (Prop_muxf8_I0_O)      0.098    11.666 r  ram/memory_array_reg[0][1]_i_5/O
                         net (fo=1, routed)           1.088    12.754    ir_reg/memory_array[1]
    SLICE_X7Y13          LUT6 (Prop_lut6_I0_O)        0.319    13.073 r  ir_reg/memory_array[0][1]_i_2/O
                         net (fo=1, routed)           0.799    13.872    ir_reg/memory_array[0][1]_i_2_n_0
    SLICE_X5Y13          LUT3 (Prop_lut3_I0_O)        0.124    13.996 r  ir_reg/memory_array[0][1]_i_1/O
                         net (fo=263, routed)         4.225    18.221    ir_reg/main_bus[1]
    SLICE_X8Y15          LUT3 (Prop_lut3_I0_O)        0.124    18.345 r  ir_reg/leds_OBUF[1]_inst_i_1/O
                         net (fo=1, routed)           2.540    20.885    leds_OBUF[1]
    E19                  OBUF (Prop_obuf_I_O)         3.530    24.415 r  leds_OBUF[1]_inst/O
                         net (fo=0)                   0.000    24.415    leds[1]
    E19                                                               r  leds[1] (OUT)
  -------------------------------------------------------------------    -------------------

Slack:                    inf
  Source:                 mar_reg/data_reg_reg[1]/C
                            (rising edge-triggered cell FDCE)
  Destination:            leds[4]
                            (output port)
  Path Group:             (none)
  Path Type:              Max at Slow Process Corner
  Data Path Delay:        23.043ns  (logic 5.667ns (24.591%)  route 17.377ns (75.409%))
  Logic Levels:           11  (FDCE=1 LUT3=1 LUT6=4 MUXF7=2 MUXF8=2 OBUF=1)

    Location             Delay type                Incr(ns)  Path(ns)    Netlist Resource(s)
  -------------------------------------------------------------------    -------------------
    SLICE_X7Y13          FDCE                         0.000     0.000 r  mar_reg/data_reg_reg[1]/C
    SLICE_X7Y13          FDCE (Prop_fdce_C_Q)         0.456     0.456 r  mar_reg/data_reg_reg[1]/Q
                         net (fo=636, routed)         9.639    10.095    ram/Q[1]
    SLICE_X13Y37         LUT6 (Prop_lut6_I2_O)        0.124    10.219 r  ram/memory_array[0][4]_i_88/O
                         net (fo=1, routed)           0.000    10.219    ram/memory_array[0][4]_i_88_n_0
    SLICE_X13Y37         MUXF7 (Prop_muxf7_I1_O)      0.245    10.464 r  ram/memory_array_reg[0][4]_i_41/O
                         net (fo=1, routed)           0.000    10.464    ram/memory_array_reg[0][4]_i_41_n_0
    SLICE_X13Y37         MUXF8 (Prop_muxf8_I0_O)      0.104    10.568 r  ram/memory_array_reg[0][4]_i_18/O
                         net (fo=1, routed)           1.410    11.979    ram/memory_array_reg[0][4]_i_18_n_0
    SLICE_X13Y21         LUT6 (Prop_lut6_I5_O)        0.316    12.295 r  ram/memory_array[0][4]_i_8/O
                         net (fo=1, routed)           0.000    12.295    ram/memory_array[0][4]_i_8_n_0
    SLICE_X13Y21         MUXF7 (Prop_muxf7_I1_O)      0.245    12.540 r  ram/memory_array_reg[0][4]_i_5/O
                         net (fo=1, routed)           0.000    12.540    ram/memory_array_reg[0][4]_i_5_n_0
    SLICE_X13Y21         MUXF8 (Prop_muxf8_I0_O)      0.104    12.644 r  ram/memory_array_reg[0][4]_i_4/O
                         net (fo=1, routed)           1.082    13.726    regA/memory_array[0]
    SLICE_X6Y15          LUT6 (Prop_lut6_I0_O)        0.316    14.042 r  regA/memory_array[0][4]_i_2/O
                         net (fo=1, routed)           0.809    14.851    loader/data_reg_reg[4]
    SLICE_X3Y15          LUT6 (Prop_lut6_I4_O)        0.124    14.975 r  loader/memory_array[0][4]_i_1/O
                         net (fo=263, routed)         2.500    17.475    loader/out_bus_reg[7]_0[0]
    SLICE_X8Y17          LUT3 (Prop_lut3_I0_O)        0.124    17.599 r  loader/leds_OBUF[4]_inst_i_1/O
                         net (fo=1, routed)           1.936    19.535    leds_OBUF[4]
    W18                  OBUF (Prop_obuf_I_O)         3.509    23.043 r  leds_OBUF[4]_inst/O
                         net (fo=0)                   0.000    23.043    leds[4]
    W18                                                               r  leds[4] (OUT)
  -------------------------------------------------------------------    -------------------

Slack:                    inf
  Source:                 mar_reg/data_reg_reg[1]/C
                            (rising edge-triggered cell FDCE)
  Destination:            leds[5]
                            (output port)
  Path Group:             (none)
  Path Type:              Max at Slow Process Corner
  Data Path Delay:        22.801ns  (logic 5.671ns (24.874%)  route 17.130ns (75.126%))
  Logic Levels:           11  (FDCE=1 LUT3=1 LUT6=4 MUXF7=2 MUXF8=2 OBUF=1)

    Location             Delay type                Incr(ns)  Path(ns)    Netlist Resource(s)
  -------------------------------------------------------------------    -------------------
    SLICE_X7Y13          FDCE                         0.000     0.000 r  mar_reg/data_reg_reg[1]/C
    SLICE_X7Y13          FDCE (Prop_fdce_C_Q)         0.456     0.456 r  mar_reg/data_reg_reg[1]/Q
                         net (fo=636, routed)         9.454     9.910    ram/Q[1]
    SLICE_X13Y36         LUT6 (Prop_lut6_I2_O)        0.124    10.034 r  ram/memory_array[0][5]_i_88/O
                         net (fo=1, routed)           0.000    10.034    ram/memory_array[0][5]_i_88_n_0
    SLICE_X13Y36         MUXF7 (Prop_muxf7_I1_O)      0.245    10.279 r  ram/memory_array_reg[0][5]_i_41/O
                         net (fo=1, routed)           0.000    10.279    ram/memory_array_reg[0][5]_i_41_n_0
    SLICE_X13Y36         MUXF8 (Prop_muxf8_I0_O)      0.104    10.383 r  ram/memory_array_reg[0][5]_i_18/O
                         net (fo=1, routed)           1.500    11.883    ram/memory_array_reg[0][5]_i_18_n_0
    SLICE_X12Y19         LUT6 (Prop_lut6_I5_O)        0.316    12.199 r  ram/memory_array[0][5]_i_8/O
                         net (fo=1, routed)           0.000    12.199    ram/memory_array[0][5]_i_8_n_0
    SLICE_X12Y19         MUXF7 (Prop_muxf7_I1_O)      0.247    12.446 r  ram/memory_array_reg[0][5]_i_5/O
                         net (fo=1, routed)           0.000    12.446    ram/memory_array_reg[0][5]_i_5_n_0
    SLICE_X12Y19         MUXF8 (Prop_muxf8_I0_O)      0.098    12.544 r  ram/memory_array_reg[0][5]_i_4/O
                         net (fo=1, routed)           1.036    13.580    regA/memory_array[1]
    SLICE_X7Y15          LUT6 (Prop_lut6_I0_O)        0.319    13.899 r  regA/memory_array[0][5]_i_2/O
                         net (fo=1, routed)           0.586    14.485    loader/data_reg_reg[5]
    SLICE_X3Y15          LUT6 (Prop_lut6_I4_O)        0.124    14.609 r  loader/memory_array[0][5]_i_1/O
                         net (fo=263, routed)         2.369    16.977    loader/out_bus_reg[7]_0[1]
    SLICE_X8Y15          LUT3 (Prop_lut3_I0_O)        0.124    17.101 r  loader/leds_OBUF[5]_inst_i_1/O
                         net (fo=1, routed)           2.185    19.287    leds_OBUF[5]
    U15                  OBUF (Prop_obuf_I_O)         3.514    22.801 r  leds_OBUF[5]_inst/O
                         net (fo=0)                   0.000    22.801    leds[5]
    U15                                                               r  leds[5] (OUT)
  -------------------------------------------------------------------    -------------------

Slack:                    inf
  Source:                 mar_reg/data_reg_reg[1]/C
                            (rising edge-triggered cell FDCE)
  Destination:            ram/memory_array_reg[31][7]/D
  Path Group:             (none)
  Path Type:              Max at Slow Process Corner
  Data Path Delay:        22.440ns  (logic 2.026ns (9.028%)  route 20.414ns (90.972%))
  Logic Levels:           9  (FDCE=1 LUT6=4 MUXF7=2 MUXF8=2)

    Location             Delay type                Incr(ns)  Path(ns)    Netlist Resource(s)
  -------------------------------------------------------------------    -------------------
    SLICE_X7Y13          FDCE                         0.000     0.000 r  mar_reg/data_reg_reg[1]/C
    SLICE_X7Y13          FDCE (Prop_fdce_C_Q)         0.456     0.456 r  mar_reg/data_reg_reg[1]/Q
                         net (fo=636, routed)        10.007    10.463    ram/Q[1]
    SLICE_X14Y37         LUT6 (Prop_lut6_I2_O)        0.124    10.587 r  ram/memory_array[0][7]_i_100/O
                         net (fo=1, routed)           0.000    10.587    ram/memory_array[0][7]_i_100_n_0
    SLICE_X14Y37         MUXF7 (Prop_muxf7_I0_O)      0.241    10.828 r  ram/memory_array_reg[0][7]_i_54/O
                         net (fo=1, routed)           0.000    10.828    ram/memory_array_reg[0][7]_i_54_n_0
    SLICE_X14Y37         MUXF8 (Prop_muxf8_I0_O)      0.098    10.926 r  ram/memory_array_reg[0][7]_i_31/O
                         net (fo=1, routed)           1.785    12.711    ram/memory_array_reg[0][7]_i_31_n_0
    SLICE_X12Y21         LUT6 (Prop_lut6_I5_O)        0.319    13.030 r  ram/memory_array[0][7]_i_21/O
                         net (fo=1, routed)           0.000    13.030    ram/memory_array[0][7]_i_21_n_0
    SLICE_X12Y21         MUXF7 (Prop_muxf7_I1_O)      0.247    13.277 r  ram/memory_array_reg[0][7]_i_14/O
                         net (fo=1, routed)           0.000    13.277    ram/memory_array_reg[0][7]_i_14_n_0
    SLICE_X12Y21         MUXF8 (Prop_muxf8_I0_O)      0.098    13.375 r  ram/memory_array_reg[0][7]_i_8/O
                         net (fo=1, routed)           1.069    14.443    regA/memory_array[3]
    SLICE_X7Y15          LUT6 (Prop_lut6_I0_O)        0.319    14.762 r  regA/memory_array[0][7]_i_6/O
                         net (fo=1, routed)           0.409    15.172    loader/data_reg_reg[7]_0
    SLICE_X5Y14          LUT6 (Prop_lut6_I4_O)        0.124    15.296 r  loader/memory_array[0][7]_i_2/O
                         net (fo=263, routed)         7.145    22.440    ram/main_bus[7]
    SLICE_X44Y20         FDRE                                         r  ram/memory_array_reg[31][7]/D
  -------------------------------------------------------------------    -------------------

Slack:                    inf
  Source:                 mar_reg/data_reg_reg[1]/C
                            (rising edge-triggered cell FDCE)
  Destination:            ram/memory_array_reg[19][4]/D
  Path Group:             (none)
  Path Type:              Max at Slow Process Corner
  Data Path Delay:        22.319ns  (logic 2.034ns (9.113%)  route 20.285ns (90.887%))
  Logic Levels:           9  (FDCE=1 LUT6=4 MUXF7=2 MUXF8=2)

    Location             Delay type                Incr(ns)  Path(ns)    Netlist Resource(s)
  -------------------------------------------------------------------    -------------------
    SLICE_X7Y13          FDCE                         0.000     0.000 r  mar_reg/data_reg_reg[1]/C
    SLICE_X7Y13          FDCE (Prop_fdce_C_Q)         0.456     0.456 r  mar_reg/data_reg_reg[1]/Q
                         net (fo=636, routed)         9.639    10.095    ram/Q[1]
    SLICE_X13Y37         LUT6 (Prop_lut6_I2_O)        0.124    10.219 r  ram/memory_array[0][4]_i_88/O
                         net (fo=1, routed)           0.000    10.219    ram/memory_array[0][4]_i_88_n_0
    SLICE_X13Y37         MUXF7 (Prop_muxf7_I1_O)      0.245    10.464 r  ram/memory_array_reg[0][4]_i_41/O
                         net (fo=1, routed)           0.000    10.464    ram/memory_array_reg[0][4]_i_41_n_0
    SLICE_X13Y37         MUXF8 (Prop_muxf8_I0_O)      0.104    10.568 r  ram/memory_array_reg[0][4]_i_18/O
                         net (fo=1, routed)           1.410    11.979    ram/memory_array_reg[0][4]_i_18_n_0
    SLICE_X13Y21         LUT6 (Prop_lut6_I5_O)        0.316    12.295 r  ram/memory_array[0][4]_i_8/O
                         net (fo=1, routed)           0.000    12.295    ram/memory_array[0][4]_i_8_n_0
    SLICE_X13Y21         MUXF7 (Prop_muxf7_I1_O)      0.245    12.540 r  ram/memory_array_reg[0][4]_i_5/O
                         net (fo=1, routed)           0.000    12.540    ram/memory_array_reg[0][4]_i_5_n_0
    SLICE_X13Y21         MUXF8 (Prop_muxf8_I0_O)      0.104    12.644 r  ram/memory_array_reg[0][4]_i_4/O
                         net (fo=1, routed)           1.082    13.726    regA/memory_array[0]
    SLICE_X6Y15          LUT6 (Prop_lut6_I0_O)        0.316    14.042 r  regA/memory_array[0][4]_i_2/O
                         net (fo=1, routed)           0.809    14.851    loader/data_reg_reg[4]
    SLICE_X3Y15          LUT6 (Prop_lut6_I4_O)        0.124    14.975 r  loader/memory_array[0][4]_i_1/O
                         net (fo=263, routed)         7.344    22.319    ram/main_bus[4]
    SLICE_X42Y17         FDRE                                         r  ram/memory_array_reg[19][4]/D
  -------------------------------------------------------------------    -------------------

Slack:                    inf
  Source:                 mar_reg/data_reg_reg[1]/C
                            (rising edge-triggered cell FDCE)
  Destination:            ram/memory_array_reg[16][4]/D
  Path Group:             (none)
  Path Type:              Max at Slow Process Corner
  Data Path Delay:        22.311ns  (logic 2.034ns (9.117%)  route 20.277ns (90.883%))
  Logic Levels:           9  (FDCE=1 LUT6=4 MUXF7=2 MUXF8=2)

    Location             Delay type                Incr(ns)  Path(ns)    Netlist Resource(s)
  -------------------------------------------------------------------    -------------------
    SLICE_X7Y13          FDCE                         0.000     0.000 r  mar_reg/data_reg_reg[1]/C
    SLICE_X7Y13          FDCE (Prop_fdce_C_Q)         0.456     0.456 r  mar_reg/data_reg_reg[1]/Q
                         net (fo=636, routed)         9.639    10.095    ram/Q[1]
    SLICE_X13Y37         LUT6 (Prop_lut6_I2_O)        0.124    10.219 r  ram/memory_array[0][4]_i_88/O
                         net (fo=1, routed)           0.000    10.219    ram/memory_array[0][4]_i_88_n_0
    SLICE_X13Y37         MUXF7 (Prop_muxf7_I1_O)      0.245    10.464 r  ram/memory_array_reg[0][4]_i_41/O
                         net (fo=1, routed)           0.000    10.464    ram/memory_array_reg[0][4]_i_41_n_0
    SLICE_X13Y37         MUXF8 (Prop_muxf8_I0_O)      0.104    10.568 r  ram/memory_array_reg[0][4]_i_18/O
                         net (fo=1, routed)           1.410    11.979    ram/memory_array_reg[0][4]_i_18_n_0
    SLICE_X13Y21         LUT6 (Prop_lut6_I5_O)        0.316    12.295 r  ram/memory_array[0][4]_i_8/O
                         net (fo=1, routed)           0.000    12.295    ram/memory_array[0][4]_i_8_n_0
    SLICE_X13Y21         MUXF7 (Prop_muxf7_I1_O)      0.245    12.540 r  ram/memory_array_reg[0][4]_i_5/O
                         net (fo=1, routed)           0.000    12.540    ram/memory_array_reg[0][4]_i_5_n_0
    SLICE_X13Y21         MUXF8 (Prop_muxf8_I0_O)      0.104    12.644 r  ram/memory_array_reg[0][4]_i_4/O
                         net (fo=1, routed)           1.082    13.726    regA/memory_array[0]
    SLICE_X6Y15          LUT6 (Prop_lut6_I0_O)        0.316    14.042 r  regA/memory_array[0][4]_i_2/O
                         net (fo=1, routed)           0.809    14.851    loader/data_reg_reg[4]
    SLICE_X3Y15          LUT6 (Prop_lut6_I4_O)        0.124    14.975 r  loader/memory_array[0][4]_i_1/O
                         net (fo=263, routed)         7.336    22.311    ram/main_bus[4]
    SLICE_X40Y18         FDRE                                         r  ram/memory_array_reg[16][4]/D
  -------------------------------------------------------------------    -------------------

Slack:                    inf
  Source:                 mar_reg/data_reg_reg[1]/C
                            (rising edge-triggered cell FDCE)
  Destination:            ram/memory_array_reg[21][7]/D
  Path Group:             (none)
  Path Type:              Max at Slow Process Corner
  Data Path Delay:        22.280ns  (logic 2.026ns (9.093%)  route 20.254ns (90.907%))
  Logic Levels:           9  (FDCE=1 LUT6=4 MUXF7=2 MUXF8=2)

    Location             Delay type                Incr(ns)  Path(ns)    Netlist Resource(s)
  -------------------------------------------------------------------    -------------------
    SLICE_X7Y13          FDCE                         0.000     0.000 r  mar_reg/data_reg_reg[1]/C
    SLICE_X7Y13          FDCE (Prop_fdce_C_Q)         0.456     0.456 r  mar_reg/data_reg_reg[1]/Q
                         net (fo=636, routed)        10.007    10.463    ram/Q[1]
    SLICE_X14Y37         LUT6 (Prop_lut6_I2_O)        0.124    10.587 r  ram/memory_array[0][7]_i_100/O
                         net (fo=1, routed)           0.000    10.587    ram/memory_array[0][7]_i_100_n_0
    SLICE_X14Y37         MUXF7 (Prop_muxf7_I0_O)      0.241    10.828 r  ram/memory_array_reg[0][7]_i_54/O
                         net (fo=1, routed)           0.000    10.828    ram/memory_array_reg[0][7]_i_54_n_0
    SLICE_X14Y37         MUXF8 (Prop_muxf8_I0_O)      0.098    10.926 r  ram/memory_array_reg[0][7]_i_31/O
                         net (fo=1, routed)           1.785    12.711    ram/memory_array_reg[0][7]_i_31_n_0
    SLICE_X12Y21         LUT6 (Prop_lut6_I5_O)        0.319    13.030 r  ram/memory_array[0][7]_i_21/O
                         net (fo=1, routed)           0.000    13.030    ram/memory_array[0][7]_i_21_n_0
    SLICE_X12Y21         MUXF7 (Prop_muxf7_I1_O)      0.247    13.277 r  ram/memory_array_reg[0][7]_i_14/O
                         net (fo=1, routed)           0.000    13.277    ram/memory_array_reg[0][7]_i_14_n_0
    SLICE_X12Y21         MUXF8 (Prop_muxf8_I0_O)      0.098    13.375 r  ram/memory_array_reg[0][7]_i_8/O
                         net (fo=1, routed)           1.069    14.443    regA/memory_array[3]
    SLICE_X7Y15          LUT6 (Prop_lut6_I0_O)        0.319    14.762 r  regA/memory_array[0][7]_i_6/O
                         net (fo=1, routed)           0.409    15.172    loader/data_reg_reg[7]_0
    SLICE_X5Y14          LUT6 (Prop_lut6_I4_O)        0.124    15.296 r  loader/memory_array[0][7]_i_2/O
                         net (fo=263, routed)         6.985    22.280    ram/main_bus[7]
    SLICE_X41Y20         FDRE                                         r  ram/memory_array_reg[21][7]/D
  -------------------------------------------------------------------    -------------------

Slack:                    inf
  Source:                 mar_reg/data_reg_reg[1]/C
                            (rising edge-triggered cell FDCE)
  Destination:            ram/memory_array_reg[20][7]/D
  Path Group:             (none)
  Path Type:              Max at Slow Process Corner
  Data Path Delay:        22.203ns  (logic 2.026ns (9.125%)  route 20.177ns (90.875%))
  Logic Levels:           9  (FDCE=1 LUT6=4 MUXF7=2 MUXF8=2)

    Location             Delay type                Incr(ns)  Path(ns)    Netlist Resource(s)
  -------------------------------------------------------------------    -------------------
    SLICE_X7Y13          FDCE                         0.000     0.000 r  mar_reg/data_reg_reg[1]/C
    SLICE_X7Y13          FDCE (Prop_fdce_C_Q)         0.456     0.456 r  mar_reg/data_reg_reg[1]/Q
                         net (fo=636, routed)        10.007    10.463    ram/Q[1]
    SLICE_X14Y37         LUT6 (Prop_lut6_I2_O)        0.124    10.587 r  ram/memory_array[0][7]_i_100/O
                         net (fo=1, routed)           0.000    10.587    ram/memory_array[0][7]_i_100_n_0
    SLICE_X14Y37         MUXF7 (Prop_muxf7_I0_O)      0.241    10.828 r  ram/memory_array_reg[0][7]_i_54/O
                         net (fo=1, routed)           0.000    10.828    ram/memory_array_reg[0][7]_i_54_n_0
    SLICE_X14Y37         MUXF8 (Prop_muxf8_I0_O)      0.098    10.926 r  ram/memory_array_reg[0][7]_i_31/O
                         net (fo=1, routed)           1.785    12.711    ram/memory_array_reg[0][7]_i_31_n_0
    SLICE_X12Y21         LUT6 (Prop_lut6_I5_O)        0.319    13.030 r  ram/memory_array[0][7]_i_21/O
                         net (fo=1, routed)           0.000    13.030    ram/memory_array[0][7]_i_21_n_0
    SLICE_X12Y21         MUXF7 (Prop_muxf7_I1_O)      0.247    13.277 r  ram/memory_array_reg[0][7]_i_14/O
                         net (fo=1, routed)           0.000    13.277    ram/memory_array_reg[0][7]_i_14_n_0
    SLICE_X12Y21         MUXF8 (Prop_muxf8_I0_O)      0.098    13.375 r  ram/memory_array_reg[0][7]_i_8/O
                         net (fo=1, routed)           1.069    14.443    regA/memory_array[3]
    SLICE_X7Y15          LUT6 (Prop_lut6_I0_O)        0.319    14.762 r  regA/memory_array[0][7]_i_6/O
                         net (fo=1, routed)           0.409    15.172    loader/data_reg_reg[7]_0
    SLICE_X5Y14          LUT6 (Prop_lut6_I4_O)        0.124    15.296 r  loader/memory_array[0][7]_i_2/O
                         net (fo=263, routed)         6.907    22.203    ram/main_bus[7]
    SLICE_X43Y21         FDRE                                         r  ram/memory_array_reg[20][7]/D
  -------------------------------------------------------------------    -------------------

Slack:                    inf
  Source:                 mar_reg/data_reg_reg[1]/C
                            (rising edge-triggered cell FDCE)
  Destination:            ram/memory_array_reg[28][7]/D
  Path Group:             (none)
  Path Type:              Max at Slow Process Corner
  Data Path Delay:        22.176ns  (logic 2.026ns (9.136%)  route 20.150ns (90.864%))
  Logic Levels:           9  (FDCE=1 LUT6=4 MUXF7=2 MUXF8=2)

    Location             Delay type                Incr(ns)  Path(ns)    Netlist Resource(s)
  -------------------------------------------------------------------    -------------------
    SLICE_X7Y13          FDCE                         0.000     0.000 r  mar_reg/data_reg_reg[1]/C
    SLICE_X7Y13          FDCE (Prop_fdce_C_Q)         0.456     0.456 r  mar_reg/data_reg_reg[1]/Q
                         net (fo=636, routed)        10.007    10.463    ram/Q[1]
    SLICE_X14Y37         LUT6 (Prop_lut6_I2_O)        0.124    10.587 r  ram/memory_array[0][7]_i_100/O
                         net (fo=1, routed)           0.000    10.587    ram/memory_array[0][7]_i_100_n_0
    SLICE_X14Y37         MUXF7 (Prop_muxf7_I0_O)      0.241    10.828 r  ram/memory_array_reg[0][7]_i_54/O
                         net (fo=1, routed)           0.000    10.828    ram/memory_array_reg[0][7]_i_54_n_0
    SLICE_X14Y37         MUXF8 (Prop_muxf8_I0_O)      0.098    10.926 r  ram/memory_array_reg[0][7]_i_31/O
                         net (fo=1, routed)           1.785    12.711    ram/memory_array_reg[0][7]_i_31_n_0
    SLICE_X12Y21         LUT6 (Prop_lut6_I5_O)        0.319    13.030 r  ram/memory_array[0][7]_i_21/O
                         net (fo=1, routed)           0.000    13.030    ram/memory_array[0][7]_i_21_n_0
    SLICE_X12Y21         MUXF7 (Prop_muxf7_I1_O)      0.247    13.277 r  ram/memory_array_reg[0][7]_i_14/O
                         net (fo=1, routed)           0.000    13.277    ram/memory_array_reg[0][7]_i_14_n_0
    SLICE_X12Y21         MUXF8 (Prop_muxf8_I0_O)      0.098    13.375 r  ram/memory_array_reg[0][7]_i_8/O
                         net (fo=1, routed)           1.069    14.443    regA/memory_array[3]
    SLICE_X7Y15          LUT6 (Prop_lut6_I0_O)        0.319    14.762 r  regA/memory_array[0][7]_i_6/O
                         net (fo=1, routed)           0.409    15.172    loader/data_reg_reg[7]_0
    SLICE_X5Y14          LUT6 (Prop_lut6_I4_O)        0.124    15.296 r  loader/memory_array[0][7]_i_2/O
                         net (fo=263, routed)         6.880    22.176    ram/main_bus[7]
    SLICE_X45Y21         FDRE                                         r  ram/memory_array_reg[28][7]/D
  -------------------------------------------------------------------    -------------------

Slack:                    inf
  Source:                 mar_reg/data_reg_reg[1]/C
                            (rising edge-triggered cell FDCE)
  Destination:            ram/memory_array_reg[28][4]/D
  Path Group:             (none)
  Path Type:              Max at Slow Process Corner
  Data Path Delay:        22.175ns  (logic 2.034ns (9.173%)  route 20.141ns (90.827%))
  Logic Levels:           9  (FDCE=1 LUT6=4 MUXF7=2 MUXF8=2)

    Location             Delay type                Incr(ns)  Path(ns)    Netlist Resource(s)
  -------------------------------------------------------------------    -------------------
    SLICE_X7Y13          FDCE                         0.000     0.000 r  mar_reg/data_reg_reg[1]/C
    SLICE_X7Y13          FDCE (Prop_fdce_C_Q)         0.456     0.456 r  mar_reg/data_reg_reg[1]/Q
                         net (fo=636, routed)         9.639    10.095    ram/Q[1]
    SLICE_X13Y37         LUT6 (Prop_lut6_I2_O)        0.124    10.219 r  ram/memory_array[0][4]_i_88/O
                         net (fo=1, routed)           0.000    10.219    ram/memory_array[0][4]_i_88_n_0
    SLICE_X13Y37         MUXF7 (Prop_muxf7_I1_O)      0.245    10.464 r  ram/memory_array_reg[0][4]_i_41/O
                         net (fo=1, routed)           0.000    10.464    ram/memory_array_reg[0][4]_i_41_n_0
    SLICE_X13Y37         MUXF8 (Prop_muxf8_I0_O)      0.104    10.568 r  ram/memory_array_reg[0][4]_i_18/O
                         net (fo=1, routed)           1.410    11.979    ram/memory_array_reg[0][4]_i_18_n_0
    SLICE_X13Y21         LUT6 (Prop_lut6_I5_O)        0.316    12.295 r  ram/memory_array[0][4]_i_8/O
                         net (fo=1, routed)           0.000    12.295    ram/memory_array[0][4]_i_8_n_0
    SLICE_X13Y21         MUXF7 (Prop_muxf7_I1_O)      0.245    12.540 r  ram/memory_array_reg[0][4]_i_5/O
                         net (fo=1, routed)           0.000    12.540    ram/memory_array_reg[0][4]_i_5_n_0
    SLICE_X13Y21         MUXF8 (Prop_muxf8_I0_O)      0.104    12.644 r  ram/memory_array_reg[0][4]_i_4/O
                         net (fo=1, routed)           1.082    13.726    regA/memory_array[0]
    SLICE_X6Y15          LUT6 (Prop_lut6_I0_O)        0.316    14.042 r  regA/memory_array[0][4]_i_2/O
                         net (fo=1, routed)           0.809    14.851    loader/data_reg_reg[4]
    SLICE_X3Y15          LUT6 (Prop_lut6_I4_O)        0.124    14.975 r  loader/memory_array[0][4]_i_1/O
                         net (fo=263, routed)         7.200    22.175    ram/main_bus[4]
    SLICE_X43Y20         FDRE                                         r  ram/memory_array_reg[28][4]/D
  -------------------------------------------------------------------    -------------------





Min Delay Paths
--------------------------------------------------------------------------------------
Slack:                    inf
  Source:                 loader/programing_reg/C
                            (rising edge-triggered cell FDPE)
  Destination:            loader/state_reg[0]/D
  Path Group:             (none)
  Path Type:              Min at Fast Process Corner
  Data Path Delay:        0.295ns  (logic 0.186ns (63.068%)  route 0.109ns (36.932%))
  Logic Levels:           2  (FDPE=1 LUT4=1)

    Location             Delay type                Incr(ns)  Path(ns)    Netlist Resource(s)
  -------------------------------------------------------------------    -------------------
    SLICE_X0Y14          FDPE                         0.000     0.000 r  loader/programing_reg/C
    SLICE_X0Y14          FDPE (Prop_fdpe_C_Q)         0.141     0.141 r  loader/programing_reg/Q
                         net (fo=15, routed)          0.109     0.250    loader/programing_reg_n_0
    SLICE_X1Y14          LUT4 (Prop_lut4_I2_O)        0.045     0.295 r  loader/state[0]_i_1/O
                         net (fo=1, routed)           0.000     0.295    loader/state[0]_i_1_n_0
    SLICE_X1Y14          FDCE                                         r  loader/state_reg[0]/D
  -------------------------------------------------------------------    -------------------

Slack:                    inf
  Source:                 pc_reg/O_reg[7]/C
                            (rising edge-triggered cell FDCE)
  Destination:            pc_reg/O_reg[7]/D
  Path Group:             (none)
  Path Type:              Min at Fast Process Corner
  Data Path Delay:        0.308ns  (logic 0.186ns (60.417%)  route 0.122ns (39.583%))
  Logic Levels:           2  (FDCE=1 LUT5=1)

    Location             Delay type                Incr(ns)  Path(ns)    Netlist Resource(s)
  -------------------------------------------------------------------    -------------------
    SLICE_X5Y14          FDCE                         0.000     0.000 r  pc_reg/O_reg[7]/C
    SLICE_X5Y14          FDCE (Prop_fdce_C_Q)         0.141     0.141 r  pc_reg/O_reg[7]/Q
                         net (fo=2, routed)           0.122     0.263    pc_reg/Q[7]
    SLICE_X5Y14          LUT5 (Prop_lut5_I2_O)        0.045     0.308 r  pc_reg/O[7]_i_2/O
                         net (fo=1, routed)           0.000     0.308    pc_reg/p_0_in__0[7]
    SLICE_X5Y14          FDCE                                         r  pc_reg/O_reg[7]/D
  -------------------------------------------------------------------    -------------------

Slack:                    inf
  Source:                 loader/rom_addr_reg[0]/C
                            (rising edge-triggered cell FDCE)
  Destination:            loader/rom_addr_reg[4]/D
  Path Group:             (none)
  Path Type:              Min at Fast Process Corner
  Data Path Delay:        0.319ns  (logic 0.186ns (58.261%)  route 0.133ns (41.739%))
  Logic Levels:           2  (FDCE=1 LUT6=1)

    Location             Delay type                Incr(ns)  Path(ns)    Netlist Resource(s)
  -------------------------------------------------------------------    -------------------
    SLICE_X0Y12          FDCE                         0.000     0.000 r  loader/rom_addr_reg[0]/C
    SLICE_X0Y12          FDCE (Prop_fdce_C_Q)         0.141     0.141 r  loader/rom_addr_reg[0]/Q
                         net (fo=12, routed)          0.133     0.274    loader/rom_addr[0]
    SLICE_X1Y12          LUT6 (Prop_lut6_I2_O)        0.045     0.319 r  loader/rom_addr[4]_i_1/O
                         net (fo=1, routed)           0.000     0.319    loader/p_0_in[4]
    SLICE_X1Y12          FDCE                                         r  loader/rom_addr_reg[4]/D
  -------------------------------------------------------------------    -------------------

Slack:                    inf
  Source:                 pc_reg/O_reg[0]/C
                            (rising edge-triggered cell FDCE)
  Destination:            pc_reg/O_reg[1]/D
  Path Group:             (none)
  Path Type:              Min at Fast Process Corner
  Data Path Delay:        0.341ns  (logic 0.186ns (54.621%)  route 0.155ns (45.379%))
  Logic Levels:           2  (FDCE=1 LUT4=1)

    Location             Delay type                Incr(ns)  Path(ns)    Netlist Resource(s)
  -------------------------------------------------------------------    -------------------
    SLICE_X4Y14          FDCE                         0.000     0.000 r  pc_reg/O_reg[0]/C
    SLICE_X4Y14          FDCE (Prop_fdce_C_Q)         0.141     0.141 r  pc_reg/O_reg[0]/Q
                         net (fo=7, routed)           0.155     0.296    ir_reg/data_reg_reg[3]_0[0]
    SLICE_X3Y13          LUT4 (Prop_lut4_I2_O)        0.045     0.341 r  ir_reg/O[1]_i_1/O
                         net (fo=1, routed)           0.000     0.341    pc_reg/D[1]
    SLICE_X3Y13          FDCE                                         r  pc_reg/O_reg[1]/D
  -------------------------------------------------------------------    -------------------

Slack:                    inf
  Source:                 pc_reg/O_reg[3]/C
                            (rising edge-triggered cell FDCE)
  Destination:            pc_reg/O_reg[5]/D
  Path Group:             (none)
  Path Type:              Min at Fast Process Corner
  Data Path Delay:        0.343ns  (logic 0.186ns (54.173%)  route 0.157ns (45.827%))
  Logic Levels:           2  (FDCE=1 LUT6=1)

    Location             Delay type                Incr(ns)  Path(ns)    Netlist Resource(s)
  -------------------------------------------------------------------    -------------------
    SLICE_X3Y14          FDCE                         0.000     0.000 r  pc_reg/O_reg[3]/C
    SLICE_X3Y14          FDCE (Prop_fdce_C_Q)         0.141     0.141 r  pc_reg/O_reg[3]/Q
                         net (fo=5, routed)           0.157     0.298    pc_reg/Q[3]
    SLICE_X3Y13          LUT6 (Prop_lut6_I3_O)        0.045     0.343 r  pc_reg/O[5]_i_1/O
                         net (fo=1, routed)           0.000     0.343    pc_reg/p_0_in__0[5]
    SLICE_X3Y13          FDCE                                         r  pc_reg/O_reg[5]/D
  -------------------------------------------------------------------    -------------------

Slack:                    inf
  Source:                 loader/rom_addr_reg[5]/C
                            (rising edge-triggered cell FDCE)
  Destination:            loader/rom_addr_reg[6]/D
  Path Group:             (none)
  Path Type:              Min at Fast Process Corner
  Data Path Delay:        0.345ns  (logic 0.209ns (60.524%)  route 0.136ns (39.476%))
  Logic Levels:           2  (FDCE=1 LUT6=1)

    Location             Delay type                Incr(ns)  Path(ns)    Netlist Resource(s)
  -------------------------------------------------------------------    -------------------
    SLICE_X2Y12          FDCE                         0.000     0.000 r  loader/rom_addr_reg[5]/C
    SLICE_X2Y12          FDCE (Prop_fdce_C_Q)         0.164     0.164 r  loader/rom_addr_reg[5]/Q
                         net (fo=5, routed)           0.136     0.300    loader/rom_addr_reg[5]
    SLICE_X1Y12          LUT6 (Prop_lut6_I2_O)        0.045     0.345 r  loader/rom_addr[6]_i_1/O
                         net (fo=1, routed)           0.000     0.345    loader/p_0_in[6]
    SLICE_X1Y12          FDCE                                         r  loader/rom_addr_reg[6]/D
  -------------------------------------------------------------------    -------------------

Slack:                    inf
  Source:                 pc_reg/O_reg[6]/C
                            (rising edge-triggered cell FDCE)
  Destination:            pc_reg/O_reg[6]/D
  Path Group:             (none)
  Path Type:              Min at Fast Process Corner
  Data Path Delay:        0.365ns  (logic 0.186ns (50.911%)  route 0.179ns (49.089%))
  Logic Levels:           2  (FDCE=1 LUT4=1)

    Location             Delay type                Incr(ns)  Path(ns)    Netlist Resource(s)
  -------------------------------------------------------------------    -------------------
    SLICE_X5Y14          FDCE                         0.000     0.000 r  pc_reg/O_reg[6]/C
    SLICE_X5Y14          FDCE (Prop_fdce_C_Q)         0.141     0.141 r  pc_reg/O_reg[6]/Q
                         net (fo=3, routed)           0.179     0.320    pc_reg/Q[6]
    SLICE_X5Y14          LUT4 (Prop_lut4_I2_O)        0.045     0.365 r  pc_reg/O[6]_i_1/O
                         net (fo=1, routed)           0.000     0.365    pc_reg/p_0_in__0[6]
    SLICE_X5Y14          FDCE                                         r  pc_reg/O_reg[6]/D
  -------------------------------------------------------------------    -------------------

Slack:                    inf
  Source:                 pc_reg/O_reg[2]/C
                            (rising edge-triggered cell FDCE)
  Destination:            pc_reg/O_reg[3]/D
  Path Group:             (none)
  Path Type:              Min at Fast Process Corner
  Data Path Delay:        0.370ns  (logic 0.227ns (61.351%)  route 0.143ns (38.649%))
  Logic Levels:           2  (FDCE=1 LUT6=1)

    Location             Delay type                Incr(ns)  Path(ns)    Netlist Resource(s)
  -------------------------------------------------------------------    -------------------
    SLICE_X3Y13          FDCE                         0.000     0.000 r  pc_reg/O_reg[2]/C
    SLICE_X3Y13          FDCE (Prop_fdce_C_Q)         0.128     0.128 r  pc_reg/O_reg[2]/Q
                         net (fo=5, routed)           0.143     0.271    pc_reg/Q[2]
    SLICE_X3Y14          LUT6 (Prop_lut6_I5_O)        0.099     0.370 r  pc_reg/O[3]_i_1/O
                         net (fo=1, routed)           0.000     0.370    pc_reg/p_0_in__0[3]
    SLICE_X3Y14          FDCE                                         r  pc_reg/O_reg[3]/D
  -------------------------------------------------------------------    -------------------

Slack:                    inf
  Source:                 loader/rom_addr_reg[4]/C
                            (rising edge-triggered cell FDCE)
  Destination:            loader/rom_addr_reg[7]/D
  Path Group:             (none)
  Path Type:              Min at Fast Process Corner
  Data Path Delay:        0.371ns  (logic 0.186ns (50.121%)  route 0.185ns (49.879%))
  Logic Levels:           2  (FDCE=1 LUT6=1)

    Location             Delay type                Incr(ns)  Path(ns)    Netlist Resource(s)
  -------------------------------------------------------------------    -------------------
    SLICE_X1Y12          FDCE                         0.000     0.000 r  loader/rom_addr_reg[4]/C
    SLICE_X1Y12          FDCE (Prop_fdce_C_Q)         0.141     0.141 r  loader/rom_addr_reg[4]/Q
                         net (fo=6, routed)           0.185     0.326    loader/rom_addr_reg[4]
    SLICE_X1Y12          LUT6 (Prop_lut6_I1_O)        0.045     0.371 r  loader/rom_addr[7]_i_2/O
                         net (fo=1, routed)           0.000     0.371    loader/rom_addr[7]_i_2_n_0
    SLICE_X1Y12          FDCE                                         r  loader/rom_addr_reg[7]/D
  -------------------------------------------------------------------    -------------------

Slack:                    inf
  Source:                 pc_reg/O_reg[4]/C
                            (rising edge-triggered cell FDCE)
  Destination:            pc_reg/O_reg[4]/D
  Path Group:             (none)
  Path Type:              Min at Fast Process Corner
  Data Path Delay:        0.379ns  (logic 0.186ns (49.033%)  route 0.193ns (50.967%))
  Logic Levels:           2  (FDCE=1 LUT5=1)

    Location             Delay type                Incr(ns)  Path(ns)    Netlist Resource(s)
  -------------------------------------------------------------------    -------------------
    SLICE_X3Y13          FDCE                         0.000     0.000 r  pc_reg/O_reg[4]/C
    SLICE_X3Y13          FDCE (Prop_fdce_C_Q)         0.141     0.141 r  pc_reg/O_reg[4]/Q
                         net (fo=4, routed)           0.193     0.334    pc_reg/Q[4]
    SLICE_X3Y13          LUT5 (Prop_lut5_I2_O)        0.045     0.379 r  pc_reg/O[4]_i_1/O
                         net (fo=1, routed)           0.000     0.379    pc_reg/p_0_in__0[4]
    SLICE_X3Y13          FDCE                                         r  pc_reg/O_reg[4]/D
  -------------------------------------------------------------------    -------------------





--------------------------------------------------------------------------------------
Path Group:  (none)
From Clock:  sys_clk_pin
  To Clock:  

Max Delay            11 Endpoints
Min Delay            11 Endpoints
--------------------------------------------------------------------------------------


Max Delay Paths
--------------------------------------------------------------------------------------
Slack:                    inf
  Source:                 display_unit/refresh_counter_reg[19]/C
                            (rising edge-triggered cell FDCE clocked by sys_clk_pin  {rise@0.000ns fall@5.000ns period=10.000ns})
  Destination:            cathode[1]
                            (output port)
  Path Group:             (none)
  Path Type:              Max at Slow Process Corner
  Data Path Delay:        10.615ns  (logic 4.783ns (45.062%)  route 5.831ns (54.938%))
  Logic Levels:           3  (LUT4=2 OBUF=1)
  Clock Uncertainty:      0.025ns  ((TSJ^2 + TIJ^2)^1/2 + DJ) / 2 + PE
    Total System Jitter     (TSJ):    0.050ns
    Total Input Jitter      (TIJ):    0.000ns
    Discrete Jitter          (DJ):    0.000ns
    Phase Error              (PE):    0.000ns

    Location             Delay type                Incr(ns)  Path(ns)    Netlist Resource(s)
  -------------------------------------------------------------------    -------------------
                         (clock sys_clk_pin rise edge)
                                                      0.000     0.000 r  
    W5                                                0.000     0.000 r  clk_100MHz (IN)
                         net (fo=0)                   0.000     0.000    clk_100MHz
    W5                   IBUF (Prop_ibuf_I_O)         1.458     1.458 r  clk_100MHz_IBUF_inst/O
                         net (fo=1, routed)           1.967     3.425    clk_100MHz_IBUF
    BUFGCTRL_X0Y1        BUFG (Prop_bufg_I_O)         0.096     3.521 r  clk_100MHz_IBUF_BUFG_inst/O
                         net (fo=45, routed)          1.564     5.085    display_unit/clk_100MHz_IBUF_BUFG
    SLICE_X10Y14         FDCE                                         r  display_unit/refresh_counter_reg[19]/C
  -------------------------------------------------------------------    -------------------
    SLICE_X10Y14         FDCE (Prop_fdce_C_Q)         0.518     5.603 r  display_unit/refresh_counter_reg[19]/Q
                         net (fo=9, routed)           2.451     8.054    display_unit/digit_select[1]
    SLICE_X46Y20         LUT4 (Prop_lut4_I0_O)        0.152     8.206 r  display_unit/cathode_OBUF[6]_inst_i_5/O
                         net (fo=7, routed)           1.521     9.727    out_reg/cathode[0]
    SLICE_X65Y20         LUT4 (Prop_lut4_I2_O)        0.376    10.103 r  out_reg/cathode_OBUF[1]_inst_i_1/O
                         net (fo=1, routed)           1.860    11.963    cathode_OBUF[1]
    W6                   OBUF (Prop_obuf_I_O)         3.737    15.700 r  cathode_OBUF[1]_inst/O
                         net (fo=0)                   0.000    15.700    cathode[1]
    W6                                                                r  cathode[1] (OUT)
  -------------------------------------------------------------------    -------------------

Slack:                    inf
  Source:                 display_unit/refresh_counter_reg[19]/C
                            (rising edge-triggered cell FDCE clocked by sys_clk_pin  {rise@0.000ns fall@5.000ns period=10.000ns})
  Destination:            cathode[4]
                            (output port)
  Path Group:             (none)
  Path Type:              Max at Slow Process Corner
  Data Path Delay:        10.564ns  (logic 4.768ns (45.135%)  route 5.796ns (54.865%))
  Logic Levels:           3  (LUT4=2 OBUF=1)
  Clock Uncertainty:      0.025ns  ((TSJ^2 + TIJ^2)^1/2 + DJ) / 2 + PE
    Total System Jitter     (TSJ):    0.050ns
    Total Input Jitter      (TIJ):    0.000ns
    Discrete Jitter          (DJ):    0.000ns
    Phase Error              (PE):    0.000ns

    Location             Delay type                Incr(ns)  Path(ns)    Netlist Resource(s)
  -------------------------------------------------------------------    -------------------
                         (clock sys_clk_pin rise edge)
                                                      0.000     0.000 r  
    W5                                                0.000     0.000 r  clk_100MHz (IN)
                         net (fo=0)                   0.000     0.000    clk_100MHz
    W5                   IBUF (Prop_ibuf_I_O)         1.458     1.458 r  clk_100MHz_IBUF_inst/O
                         net (fo=1, routed)           1.967     3.425    clk_100MHz_IBUF
    BUFGCTRL_X0Y1        BUFG (Prop_bufg_I_O)         0.096     3.521 r  clk_100MHz_IBUF_BUFG_inst/O
                         net (fo=45, routed)          1.564     5.085    display_unit/clk_100MHz_IBUF_BUFG
    SLICE_X10Y14         FDCE                                         r  display_unit/refresh_counter_reg[19]/C
  -------------------------------------------------------------------    -------------------
    SLICE_X10Y14         FDCE (Prop_fdce_C_Q)         0.518     5.603 r  display_unit/refresh_counter_reg[19]/Q
                         net (fo=9, routed)           2.451     8.054    display_unit/digit_select[1]
    SLICE_X46Y20         LUT4 (Prop_lut4_I0_O)        0.152     8.206 r  display_unit/cathode_OBUF[6]_inst_i_5/O
                         net (fo=7, routed)           1.519     9.725    display_unit/refresh_counter_reg[19]_1
    SLICE_X65Y20         LUT4 (Prop_lut4_I1_O)        0.376    10.101 r  display_unit/cathode_OBUF[4]_inst_i_1/O
                         net (fo=1, routed)           1.826    11.927    cathode_OBUF[4]
    U5                   OBUF (Prop_obuf_I_O)         3.722    15.649 r  cathode_OBUF[4]_inst/O
                         net (fo=0)                   0.000    15.649    cathode[4]
    U5                                                                r  cathode[4] (OUT)
  -------------------------------------------------------------------    -------------------

Slack:                    inf
  Source:                 display_unit/refresh_counter_reg[19]/C
                            (rising edge-triggered cell FDCE clocked by sys_clk_pin  {rise@0.000ns fall@5.000ns period=10.000ns})
  Destination:            cathode[6]
                            (output port)
  Path Group:             (none)
  Path Type:              Max at Slow Process Corner
  Data Path Delay:        10.358ns  (logic 4.549ns (43.923%)  route 5.808ns (56.077%))
  Logic Levels:           3  (LUT4=2 OBUF=1)
  Clock Uncertainty:      0.025ns  ((TSJ^2 + TIJ^2)^1/2 + DJ) / 2 + PE
    Total System Jitter     (TSJ):    0.050ns
    Total Input Jitter      (TIJ):    0.000ns
    Discrete Jitter          (DJ):    0.000ns
    Phase Error              (PE):    0.000ns

    Location             Delay type                Incr(ns)  Path(ns)    Netlist Resource(s)
  -------------------------------------------------------------------    -------------------
                         (clock sys_clk_pin rise edge)
                                                      0.000     0.000 r  
    W5                                                0.000     0.000 r  clk_100MHz (IN)
                         net (fo=0)                   0.000     0.000    clk_100MHz
    W5                   IBUF (Prop_ibuf_I_O)         1.458     1.458 r  clk_100MHz_IBUF_inst/O
                         net (fo=1, routed)           1.967     3.425    clk_100MHz_IBUF
    BUFGCTRL_X0Y1        BUFG (Prop_bufg_I_O)         0.096     3.521 r  clk_100MHz_IBUF_BUFG_inst/O
                         net (fo=45, routed)          1.564     5.085    display_unit/clk_100MHz_IBUF_BUFG
    SLICE_X10Y14         FDCE                                         r  display_unit/refresh_counter_reg[19]/C
  -------------------------------------------------------------------    -------------------
    SLICE_X10Y14         FDCE (Prop_fdce_C_Q)         0.518     5.603 r  display_unit/refresh_counter_reg[19]/Q
                         net (fo=9, routed)           2.451     8.054    display_unit/digit_select[1]
    SLICE_X46Y20         LUT4 (Prop_lut4_I0_O)        0.152     8.206 r  display_unit/cathode_OBUF[6]_inst_i_5/O
                         net (fo=7, routed)           1.349     9.555    out_reg/cathode[0]
    SLICE_X65Y20         LUT4 (Prop_lut4_I3_O)        0.348     9.903 r  out_reg/cathode_OBUF[6]_inst_i_1/O
                         net (fo=1, routed)           2.009    11.912    cathode_OBUF[6]
    U7                   OBUF (Prop_obuf_I_O)         3.531    15.443 r  cathode_OBUF[6]_inst/O
                         net (fo=0)                   0.000    15.443    cathode[6]
    U7                                                                r  cathode[6] (OUT)
  -------------------------------------------------------------------    -------------------

Slack:                    inf
  Source:                 display_unit/refresh_counter_reg[19]/C
                            (rising edge-triggered cell FDCE clocked by sys_clk_pin  {rise@0.000ns fall@5.000ns period=10.000ns})
  Destination:            cathode[0]
                            (output port)
  Path Group:             (none)
  Path Type:              Max at Slow Process Corner
  Data Path Delay:        10.310ns  (logic 4.529ns (43.925%)  route 5.781ns (56.075%))
  Logic Levels:           3  (LUT4=2 OBUF=1)
  Clock Uncertainty:      0.025ns  ((TSJ^2 + TIJ^2)^1/2 + DJ) / 2 + PE
    Total System Jitter     (TSJ):    0.050ns
    Total Input Jitter      (TIJ):    0.000ns
    Discrete Jitter          (DJ):    0.000ns
    Phase Error              (PE):    0.000ns

    Location             Delay type                Incr(ns)  Path(ns)    Netlist Resource(s)
  -------------------------------------------------------------------    -------------------
                         (clock sys_clk_pin rise edge)
                                                      0.000     0.000 r  
    W5                                                0.000     0.000 r  clk_100MHz (IN)
                         net (fo=0)                   0.000     0.000    clk_100MHz
    W5                   IBUF (Prop_ibuf_I_O)         1.458     1.458 r  clk_100MHz_IBUF_inst/O
                         net (fo=1, routed)           1.967     3.425    clk_100MHz_IBUF
    BUFGCTRL_X0Y1        BUFG (Prop_bufg_I_O)         0.096     3.521 r  clk_100MHz_IBUF_BUFG_inst/O
                         net (fo=45, routed)          1.564     5.085    display_unit/clk_100MHz_IBUF_BUFG
    SLICE_X10Y14         FDCE                                         r  display_unit/refresh_counter_reg[19]/C
  -------------------------------------------------------------------    -------------------
    SLICE_X10Y14         FDCE (Prop_fdce_C_Q)         0.518     5.603 r  display_unit/refresh_counter_reg[19]/Q
                         net (fo=9, routed)           2.451     8.054    display_unit/digit_select[1]
    SLICE_X46Y20         LUT4 (Prop_lut4_I0_O)        0.152     8.206 r  display_unit/cathode_OBUF[6]_inst_i_5/O
                         net (fo=7, routed)           1.521     9.727    out_reg/cathode[0]
    SLICE_X65Y20         LUT4 (Prop_lut4_I2_O)        0.348    10.075 r  out_reg/cathode_OBUF[0]_inst_i_1/O
                         net (fo=1, routed)           1.810    11.885    cathode_OBUF[0]
    W7                   OBUF (Prop_obuf_I_O)         3.511    15.395 r  cathode_OBUF[0]_inst/O
                         net (fo=0)                   0.000    15.395    cathode[0]
    W7                                                                r  cathode[0] (OUT)
  -------------------------------------------------------------------    -------------------

Slack:                    inf
  Source:                 display_unit/refresh_counter_reg[19]/C
                            (rising edge-triggered cell FDCE clocked by sys_clk_pin  {rise@0.000ns fall@5.000ns period=10.000ns})
  Destination:            cathode[5]
                            (output port)
  Path Group:             (none)
  Path Type:              Max at Slow Process Corner
  Data Path Delay:        10.304ns  (logic 4.522ns (43.890%)  route 5.782ns (56.110%))
  Logic Levels:           3  (LUT4=2 OBUF=1)
  Clock Uncertainty:      0.025ns  ((TSJ^2 + TIJ^2)^1/2 + DJ) / 2 + PE
    Total System Jitter     (TSJ):    0.050ns
    Total Input Jitter      (TIJ):    0.000ns
    Discrete Jitter          (DJ):    0.000ns
    Phase Error              (PE):    0.000ns

    Location             Delay type                Incr(ns)  Path(ns)    Netlist Resource(s)
  -------------------------------------------------------------------    -------------------
                         (clock sys_clk_pin rise edge)
                                                      0.000     0.000 r  
    W5                                                0.000     0.000 r  clk_100MHz (IN)
                         net (fo=0)                   0.000     0.000    clk_100MHz
    W5                   IBUF (Prop_ibuf_I_O)         1.458     1.458 r  clk_100MHz_IBUF_inst/O
                         net (fo=1, routed)           1.967     3.425    clk_100MHz_IBUF
    BUFGCTRL_X0Y1        BUFG (Prop_bufg_I_O)         0.096     3.521 r  clk_100MHz_IBUF_BUFG_inst/O
                         net (fo=45, routed)          1.564     5.085    display_unit/clk_100MHz_IBUF_BUFG
    SLICE_X10Y14         FDCE                                         r  display_unit/refresh_counter_reg[19]/C
  -------------------------------------------------------------------    -------------------
    SLICE_X10Y14         FDCE (Prop_fdce_C_Q)         0.518     5.603 r  display_unit/refresh_counter_reg[19]/Q
                         net (fo=9, routed)           2.451     8.054    display_unit/digit_select[1]
    SLICE_X46Y20         LUT4 (Prop_lut4_I0_O)        0.152     8.206 r  display_unit/cathode_OBUF[6]_inst_i_5/O
                         net (fo=7, routed)           1.519     9.725    display_unit/refresh_counter_reg[19]_1
    SLICE_X65Y20         LUT4 (Prop_lut4_I2_O)        0.348    10.073 r  display_unit/cathode_OBUF[5]_inst_i_1/O
                         net (fo=1, routed)           1.812    11.885    cathode_OBUF[5]
    V5                   OBUF (Prop_obuf_I_O)         3.504    15.389 r  cathode_OBUF[5]_inst/O
                         net (fo=0)                   0.000    15.389    cathode[5]
    V5                                                                r  cathode[5] (OUT)
  -------------------------------------------------------------------    -------------------

Slack:                    inf
  Source:                 display_unit/refresh_counter_reg[19]/C
                            (rising edge-triggered cell FDCE clocked by sys_clk_pin  {rise@0.000ns fall@5.000ns period=10.000ns})
  Destination:            cathode[3]
                            (output port)
  Path Group:             (none)
  Path Type:              Max at Slow Process Corner
  Data Path Delay:        9.997ns  (logic 4.753ns (47.542%)  route 5.244ns (52.458%))
  Logic Levels:           3  (LUT4=2 OBUF=1)
  Clock Uncertainty:      0.025ns  ((TSJ^2 + TIJ^2)^1/2 + DJ) / 2 + PE
    Total System Jitter     (TSJ):    0.050ns
    Total Input Jitter      (TIJ):    0.000ns
    Discrete Jitter          (DJ):    0.000ns
    Phase Error              (PE):    0.000ns

    Location             Delay type                Incr(ns)  Path(ns)    Netlist Resource(s)
  -------------------------------------------------------------------    -------------------
                         (clock sys_clk_pin rise edge)
                                                      0.000     0.000 r  
    W5                                                0.000     0.000 r  clk_100MHz (IN)
                         net (fo=0)                   0.000     0.000    clk_100MHz
    W5                   IBUF (Prop_ibuf_I_O)         1.458     1.458 r  clk_100MHz_IBUF_inst/O
                         net (fo=1, routed)           1.967     3.425    clk_100MHz_IBUF
    BUFGCTRL_X0Y1        BUFG (Prop_bufg_I_O)         0.096     3.521 r  clk_100MHz_IBUF_BUFG_inst/O
                         net (fo=45, routed)          1.564     5.085    display_unit/clk_100MHz_IBUF_BUFG
    SLICE_X10Y14         FDCE                                         r  display_unit/refresh_counter_reg[19]/C
  -------------------------------------------------------------------    -------------------
    SLICE_X10Y14         FDCE (Prop_fdce_C_Q)         0.518     5.603 r  display_unit/refresh_counter_reg[19]/Q
                         net (fo=9, routed)           2.451     8.054    display_unit/digit_select[1]
    SLICE_X46Y20         LUT4 (Prop_lut4_I0_O)        0.152     8.206 r  display_unit/cathode_OBUF[6]_inst_i_5/O
                         net (fo=7, routed)           1.117     9.323    out_reg/cathode[0]
    SLICE_X65Y20         LUT4 (Prop_lut4_I2_O)        0.344     9.667 r  out_reg/cathode_OBUF[3]_inst_i_1/O
                         net (fo=1, routed)           1.676    11.343    cathode_OBUF[3]
    V8                   OBUF (Prop_obuf_I_O)         3.739    15.082 r  cathode_OBUF[3]_inst/O
                         net (fo=0)                   0.000    15.082    cathode[3]
    V8                                                                r  cathode[3] (OUT)
  -------------------------------------------------------------------    -------------------

Slack:                    inf
  Source:                 display_unit/refresh_counter_reg[19]/C
                            (rising edge-triggered cell FDCE clocked by sys_clk_pin  {rise@0.000ns fall@5.000ns period=10.000ns})
  Destination:            cathode[2]
                            (output port)
  Path Group:             (none)
  Path Type:              Max at Slow Process Corner
  Data Path Delay:        9.924ns  (logic 4.553ns (45.879%)  route 5.371ns (54.121%))
  Logic Levels:           3  (LUT4=2 OBUF=1)
  Clock Uncertainty:      0.025ns  ((TSJ^2 + TIJ^2)^1/2 + DJ) / 2 + PE
    Total System Jitter     (TSJ):    0.050ns
    Total Input Jitter      (TIJ):    0.000ns
    Discrete Jitter          (DJ):    0.000ns
    Phase Error              (PE):    0.000ns

    Location             Delay type                Incr(ns)  Path(ns)    Netlist Resource(s)
  -------------------------------------------------------------------    -------------------
                         (clock sys_clk_pin rise edge)
                                                      0.000     0.000 r  
    W5                                                0.000     0.000 r  clk_100MHz (IN)
                         net (fo=0)                   0.000     0.000    clk_100MHz
    W5                   IBUF (Prop_ibuf_I_O)         1.458     1.458 r  clk_100MHz_IBUF_inst/O
                         net (fo=1, routed)           1.967     3.425    clk_100MHz_IBUF
    BUFGCTRL_X0Y1        BUFG (Prop_bufg_I_O)         0.096     3.521 r  clk_100MHz_IBUF_BUFG_inst/O
                         net (fo=45, routed)          1.564     5.085    display_unit/clk_100MHz_IBUF_BUFG
    SLICE_X10Y14         FDCE                                         r  display_unit/refresh_counter_reg[19]/C
  -------------------------------------------------------------------    -------------------
    SLICE_X10Y14         FDCE (Prop_fdce_C_Q)         0.518     5.603 f  display_unit/refresh_counter_reg[19]/Q
                         net (fo=9, routed)           2.451     8.054    display_unit/digit_select[1]
    SLICE_X46Y20         LUT4 (Prop_lut4_I0_O)        0.152     8.206 f  display_unit/cathode_OBUF[6]_inst_i_5/O
                         net (fo=7, routed)           1.117     9.323    out_reg/cathode[0]
    SLICE_X65Y20         LUT4 (Prop_lut4_I2_O)        0.348     9.671 r  out_reg/cathode_OBUF[2]_inst_i_1/O
                         net (fo=1, routed)           1.804    11.474    cathode_OBUF[2]
    U8                   OBUF (Prop_obuf_I_O)         3.535    15.010 r  cathode_OBUF[2]_inst/O
                         net (fo=0)                   0.000    15.010    cathode[2]
    U8                                                                r  cathode[2] (OUT)
  -------------------------------------------------------------------    -------------------

Slack:                    inf
  Source:                 display_unit/refresh_counter_reg[19]/C
                            (rising edge-triggered cell FDCE clocked by sys_clk_pin  {rise@0.000ns fall@5.000ns period=10.000ns})
  Destination:            anode[0]
                            (output port)
  Path Group:             (none)
  Path Type:              Max at Slow Process Corner
  Data Path Delay:        9.501ns  (logic 4.375ns (46.046%)  route 5.126ns (53.954%))
  Logic Levels:           2  (LUT2=1 OBUF=1)
  Clock Uncertainty:      0.025ns  ((TSJ^2 + TIJ^2)^1/2 + DJ) / 2 + PE
    Total System Jitter     (TSJ):    0.050ns
    Total Input Jitter      (TIJ):    0.000ns
    Discrete Jitter          (DJ):    0.000ns
    Phase Error              (PE):    0.000ns

    Location             Delay type                Incr(ns)  Path(ns)    Netlist Resource(s)
  -------------------------------------------------------------------    -------------------
                         (clock sys_clk_pin rise edge)
                                                      0.000     0.000 r  
    W5                                                0.000     0.000 r  clk_100MHz (IN)
                         net (fo=0)                   0.000     0.000    clk_100MHz
    W5                   IBUF (Prop_ibuf_I_O)         1.458     1.458 r  clk_100MHz_IBUF_inst/O
                         net (fo=1, routed)           1.967     3.425    clk_100MHz_IBUF
    BUFGCTRL_X0Y1        BUFG (Prop_bufg_I_O)         0.096     3.521 r  clk_100MHz_IBUF_BUFG_inst/O
                         net (fo=45, routed)          1.564     5.085    display_unit/clk_100MHz_IBUF_BUFG
    SLICE_X10Y14         FDCE                                         r  display_unit/refresh_counter_reg[19]/C
  -------------------------------------------------------------------    -------------------
    SLICE_X10Y14         FDCE (Prop_fdce_C_Q)         0.518     5.603 r  display_unit/refresh_counter_reg[19]/Q
                         net (fo=9, routed)           2.461     8.064    display_unit/digit_select[1]
    SLICE_X46Y20         LUT2 (Prop_lut2_I0_O)        0.150     8.214 r  display_unit/anode_OBUF[0]_inst_i_1/O
                         net (fo=1, routed)           2.665    10.880    anode_OBUF[0]
    U2                   OBUF (Prop_obuf_I_O)         3.707    14.586 r  anode_OBUF[0]_inst/O
                         net (fo=0)                   0.000    14.586    anode[0]
    U2                                                                r  anode[0] (OUT)
  -------------------------------------------------------------------    -------------------

Slack:                    inf
  Source:                 display_unit/refresh_counter_reg[19]/C
                            (rising edge-triggered cell FDCE clocked by sys_clk_pin  {rise@0.000ns fall@5.000ns period=10.000ns})
  Destination:            anode[2]
                            (output port)
  Path Group:             (none)
  Path Type:              Max at Slow Process Corner
  Data Path Delay:        9.402ns  (logic 4.401ns (46.809%)  route 5.001ns (53.191%))
  Logic Levels:           2  (LUT2=1 OBUF=1)
  Clock Uncertainty:      0.025ns  ((TSJ^2 + TIJ^2)^1/2 + DJ) / 2 + PE
    Total System Jitter     (TSJ):    0.050ns
    Total Input Jitter      (TIJ):    0.000ns
    Discrete Jitter          (DJ):    0.000ns
    Phase Error              (PE):    0.000ns

    Location             Delay type                Incr(ns)  Path(ns)    Netlist Resource(s)
  -------------------------------------------------------------------    -------------------
                         (clock sys_clk_pin rise edge)
                                                      0.000     0.000 r  
    W5                                                0.000     0.000 r  clk_100MHz (IN)
                         net (fo=0)                   0.000     0.000    clk_100MHz
    W5                   IBUF (Prop_ibuf_I_O)         1.458     1.458 r  clk_100MHz_IBUF_inst/O
                         net (fo=1, routed)           1.967     3.425    clk_100MHz_IBUF
    BUFGCTRL_X0Y1        BUFG (Prop_bufg_I_O)         0.096     3.521 r  clk_100MHz_IBUF_BUFG_inst/O
                         net (fo=45, routed)          1.564     5.085    display_unit/clk_100MHz_IBUF_BUFG
    SLICE_X10Y14         FDCE                                         r  display_unit/refresh_counter_reg[19]/C
  -------------------------------------------------------------------    -------------------
    SLICE_X10Y14         FDCE (Prop_fdce_C_Q)         0.518     5.603 f  display_unit/refresh_counter_reg[19]/Q
                         net (fo=9, routed)           2.235     7.838    display_unit/digit_select[1]
    SLICE_X46Y20         LUT2 (Prop_lut2_I1_O)        0.153     7.991 r  display_unit/anode_OBUF[2]_inst_i_1/O
                         net (fo=1, routed)           2.766    10.757    anode_OBUF[2]
    V4                   OBUF (Prop_obuf_I_O)         3.730    14.487 r  anode_OBUF[2]_inst/O
                         net (fo=0)                   0.000    14.487    anode[2]
    V4                                                                r  anode[2] (OUT)
  -------------------------------------------------------------------    -------------------

Slack:                    inf
  Source:                 display_unit/refresh_counter_reg[19]/C
                            (rising edge-triggered cell FDCE clocked by sys_clk_pin  {rise@0.000ns fall@5.000ns period=10.000ns})
  Destination:            anode[1]
                            (output port)
  Path Group:             (none)
  Path Type:              Max at Slow Process Corner
  Data Path Delay:        9.230ns  (logic 4.141ns (44.866%)  route 5.089ns (55.134%))
  Logic Levels:           2  (LUT2=1 OBUF=1)
  Clock Uncertainty:      0.025ns  ((TSJ^2 + TIJ^2)^1/2 + DJ) / 2 + PE
    Total System Jitter     (TSJ):    0.050ns
    Total Input Jitter      (TIJ):    0.000ns
    Discrete Jitter          (DJ):    0.000ns
    Phase Error              (PE):    0.000ns

    Location             Delay type                Incr(ns)  Path(ns)    Netlist Resource(s)
  -------------------------------------------------------------------    -------------------
                         (clock sys_clk_pin rise edge)
                                                      0.000     0.000 r  
    W5                                                0.000     0.000 r  clk_100MHz (IN)
                         net (fo=0)                   0.000     0.000    clk_100MHz
    W5                   IBUF (Prop_ibuf_I_O)         1.458     1.458 r  clk_100MHz_IBUF_inst/O
                         net (fo=1, routed)           1.967     3.425    clk_100MHz_IBUF
    BUFGCTRL_X0Y1        BUFG (Prop_bufg_I_O)         0.096     3.521 r  clk_100MHz_IBUF_BUFG_inst/O
                         net (fo=45, routed)          1.564     5.085    display_unit/clk_100MHz_IBUF_BUFG
    SLICE_X10Y14         FDCE                                         r  display_unit/refresh_counter_reg[19]/C
  -------------------------------------------------------------------    -------------------
    SLICE_X10Y14         FDCE (Prop_fdce_C_Q)         0.518     5.603 r  display_unit/refresh_counter_reg[19]/Q
                         net (fo=9, routed)           2.461     8.064    display_unit/digit_select[1]
    SLICE_X46Y20         LUT2 (Prop_lut2_I0_O)        0.124     8.188 r  display_unit/anode_OBUF[1]_inst_i_1/O
                         net (fo=1, routed)           2.628    10.816    anode_OBUF[1]
    U4                   OBUF (Prop_obuf_I_O)         3.499    14.315 r  anode_OBUF[1]_inst/O
                         net (fo=0)                   0.000    14.315    anode[1]
    U4                                                                r  anode[1] (OUT)
  -------------------------------------------------------------------    -------------------





Min Delay Paths
--------------------------------------------------------------------------------------
Slack:                    inf
  Source:                 display_unit/refresh_counter_reg[18]/C
                            (rising edge-triggered cell FDCE clocked by sys_clk_pin  {rise@0.000ns fall@5.000ns period=10.000ns})
  Destination:            cathode[5]
                            (output port)
  Path Group:             (none)
  Path Type:              Min at Fast Process Corner
  Data Path Delay:        2.785ns  (logic 1.460ns (52.411%)  route 1.325ns (47.589%))
  Logic Levels:           3  (LUT4=2 OBUF=1)
  Clock Uncertainty:      0.025ns  ((TSJ^2 + TIJ^2)^1/2 + DJ) / 2 + PE
    Total System Jitter     (TSJ):    0.050ns
    Total Input Jitter      (TIJ):    0.000ns
    Discrete Jitter          (DJ):    0.000ns
    Phase Error              (PE):    0.000ns

    Location             Delay type                Incr(ns)  Path(ns)    Netlist Resource(s)
  -------------------------------------------------------------------    -------------------
                         (clock sys_clk_pin rise edge)
                                                      0.000     0.000 r  
    W5                                                0.000     0.000 r  clk_100MHz (IN)
                         net (fo=0)                   0.000     0.000    clk_100MHz
    W5                   IBUF (Prop_ibuf_I_O)         0.226     0.226 r  clk_100MHz_IBUF_inst/O
                         net (fo=1, routed)           0.631     0.858    clk_100MHz_IBUF
    BUFGCTRL_X0Y1        BUFG (Prop_bufg_I_O)         0.026     0.884 r  clk_100MHz_IBUF_BUFG_inst/O
                         net (fo=45, routed)          0.562     1.445    display_unit/clk_100MHz_IBUF_BUFG
    SLICE_X10Y14         FDCE                                         r  display_unit/refresh_counter_reg[18]/C
  -------------------------------------------------------------------    -------------------
    SLICE_X10Y14         FDCE (Prop_fdce_C_Q)         0.164     1.609 r  display_unit/refresh_counter_reg[18]/Q
                         net (fo=9, routed)           0.206     1.816    out_reg/digit_select[0]
    SLICE_X8Y15          LUT4 (Prop_lut4_I1_O)        0.045     1.861 r  out_reg/cathode_OBUF[6]_inst_i_2/O
                         net (fo=7, routed)           0.740     2.600    display_unit/cathode[4]_0
    SLICE_X65Y20         LUT4 (Prop_lut4_I3_O)        0.045     2.645 r  display_unit/cathode_OBUF[5]_inst_i_1/O
                         net (fo=1, routed)           0.379     3.024    cathode_OBUF[5]
    V5                   OBUF (Prop_obuf_I_O)         1.206     4.230 r  cathode_OBUF[5]_inst/O
                         net (fo=0)                   0.000     4.230    cathode[5]
    V5                                                                r  cathode[5] (OUT)
  -------------------------------------------------------------------    -------------------

Slack:                    inf
  Source:                 display_unit/refresh_counter_reg[18]/C
                            (rising edge-triggered cell FDCE clocked by sys_clk_pin  {rise@0.000ns fall@5.000ns period=10.000ns})
  Destination:            cathode[2]
                            (output port)
  Path Group:             (none)
  Path Type:              Min at Fast Process Corner
  Data Path Delay:        2.832ns  (logic 1.490ns (52.616%)  route 1.342ns (47.384%))
  Logic Levels:           3  (LUT4=2 OBUF=1)
  Clock Uncertainty:      0.025ns  ((TSJ^2 + TIJ^2)^1/2 + DJ) / 2 + PE
    Total System Jitter     (TSJ):    0.050ns
    Total Input Jitter      (TIJ):    0.000ns
    Discrete Jitter          (DJ):    0.000ns
    Phase Error              (PE):    0.000ns

    Location             Delay type                Incr(ns)  Path(ns)    Netlist Resource(s)
  -------------------------------------------------------------------    -------------------
                         (clock sys_clk_pin rise edge)
                                                      0.000     0.000 r  
    W5                                                0.000     0.000 r  clk_100MHz (IN)
                         net (fo=0)                   0.000     0.000    clk_100MHz
    W5                   IBUF (Prop_ibuf_I_O)         0.226     0.226 r  clk_100MHz_IBUF_inst/O
                         net (fo=1, routed)           0.631     0.858    clk_100MHz_IBUF
    BUFGCTRL_X0Y1        BUFG (Prop_bufg_I_O)         0.026     0.884 r  clk_100MHz_IBUF_BUFG_inst/O
                         net (fo=45, routed)          0.562     1.445    display_unit/clk_100MHz_IBUF_BUFG
    SLICE_X10Y14         FDCE                                         r  display_unit/refresh_counter_reg[18]/C
  -------------------------------------------------------------------    -------------------
    SLICE_X10Y14         FDCE (Prop_fdce_C_Q)         0.164     1.609 r  display_unit/refresh_counter_reg[18]/Q
                         net (fo=9, routed)           0.206     1.816    out_reg/digit_select[0]
    SLICE_X8Y15          LUT4 (Prop_lut4_I1_O)        0.045     1.861 r  out_reg/cathode_OBUF[6]_inst_i_2/O
                         net (fo=7, routed)           0.744     2.604    out_reg/data_reg_reg[3]_0
    SLICE_X65Y20         LUT4 (Prop_lut4_I0_O)        0.045     2.649 r  out_reg/cathode_OBUF[2]_inst_i_1/O
                         net (fo=1, routed)           0.392     3.041    cathode_OBUF[2]
    U8                   OBUF (Prop_obuf_I_O)         1.236     4.277 r  cathode_OBUF[2]_inst/O
                         net (fo=0)                   0.000     4.277    cathode[2]
    U8                                                                r  cathode[2] (OUT)
  -------------------------------------------------------------------    -------------------

Slack:                    inf
  Source:                 display_unit/refresh_counter_reg[18]/C
                            (rising edge-triggered cell FDCE clocked by sys_clk_pin  {rise@0.000ns fall@5.000ns period=10.000ns})
  Destination:            cathode[3]
                            (output port)
  Path Group:             (none)
  Path Type:              Min at Fast Process Corner
  Data Path Delay:        2.834ns  (logic 1.552ns (54.778%)  route 1.282ns (45.222%))
  Logic Levels:           3  (LUT4=2 OBUF=1)
  Clock Uncertainty:      0.025ns  ((TSJ^2 + TIJ^2)^1/2 + DJ) / 2 + PE
    Total System Jitter     (TSJ):    0.050ns
    Total Input Jitter      (TIJ):    0.000ns
    Discrete Jitter          (DJ):    0.000ns
    Phase Error              (PE):    0.000ns

    Location             Delay type                Incr(ns)  Path(ns)    Netlist Resource(s)
  -------------------------------------------------------------------    -------------------
                         (clock sys_clk_pin rise edge)
                                                      0.000     0.000 r  
    W5                                                0.000     0.000 r  clk_100MHz (IN)
                         net (fo=0)                   0.000     0.000    clk_100MHz
    W5                   IBUF (Prop_ibuf_I_O)         0.226     0.226 r  clk_100MHz_IBUF_inst/O
                         net (fo=1, routed)           0.631     0.858    clk_100MHz_IBUF
    BUFGCTRL_X0Y1        BUFG (Prop_bufg_I_O)         0.026     0.884 r  clk_100MHz_IBUF_BUFG_inst/O
                         net (fo=45, routed)          0.562     1.445    display_unit/clk_100MHz_IBUF_BUFG
    SLICE_X10Y14         FDCE                                         r  display_unit/refresh_counter_reg[18]/C
  -------------------------------------------------------------------    -------------------
    SLICE_X10Y14         FDCE (Prop_fdce_C_Q)         0.164     1.609 r  display_unit/refresh_counter_reg[18]/Q
                         net (fo=9, routed)           0.206     1.816    out_reg/digit_select[0]
    SLICE_X8Y15          LUT4 (Prop_lut4_I1_O)        0.045     1.861 r  out_reg/cathode_OBUF[6]_inst_i_2/O
                         net (fo=7, routed)           0.744     2.604    out_reg/data_reg_reg[3]_0
    SLICE_X65Y20         LUT4 (Prop_lut4_I0_O)        0.042     2.646 r  out_reg/cathode_OBUF[3]_inst_i_1/O
                         net (fo=1, routed)           0.331     2.978    cathode_OBUF[3]
    V8                   OBUF (Prop_obuf_I_O)         1.301     4.279 r  cathode_OBUF[3]_inst/O
                         net (fo=0)                   0.000     4.279    cathode[3]
    V8                                                                r  cathode[3] (OUT)
  -------------------------------------------------------------------    -------------------

Slack:                    inf
  Source:                 display_unit/refresh_counter_reg[18]/C
                            (rising edge-triggered cell FDCE clocked by sys_clk_pin  {rise@0.000ns fall@5.000ns period=10.000ns})
  Destination:            cathode[4]
                            (output port)
  Path Group:             (none)
  Path Type:              Min at Fast Process Corner
  Data Path Delay:        2.859ns  (logic 1.540ns (53.857%)  route 1.319ns (46.143%))
  Logic Levels:           3  (LUT4=2 OBUF=1)
  Clock Uncertainty:      0.025ns  ((TSJ^2 + TIJ^2)^1/2 + DJ) / 2 + PE
    Total System Jitter     (TSJ):    0.050ns
    Total Input Jitter      (TIJ):    0.000ns
    Discrete Jitter          (DJ):    0.000ns
    Phase Error              (PE):    0.000ns

    Location             Delay type                Incr(ns)  Path(ns)    Netlist Resource(s)
  -------------------------------------------------------------------    -------------------
                         (clock sys_clk_pin rise edge)
                                                      0.000     0.000 r  
    W5                                                0.000     0.000 r  clk_100MHz (IN)
                         net (fo=0)                   0.000     0.000    clk_100MHz
    W5                   IBUF (Prop_ibuf_I_O)         0.226     0.226 r  clk_100MHz_IBUF_inst/O
                         net (fo=1, routed)           0.631     0.858    clk_100MHz_IBUF
    BUFGCTRL_X0Y1        BUFG (Prop_bufg_I_O)         0.026     0.884 r  clk_100MHz_IBUF_BUFG_inst/O
                         net (fo=45, routed)          0.562     1.445    display_unit/clk_100MHz_IBUF_BUFG
    SLICE_X10Y14         FDCE                                         r  display_unit/refresh_counter_reg[18]/C
  -------------------------------------------------------------------    -------------------
    SLICE_X10Y14         FDCE (Prop_fdce_C_Q)         0.164     1.609 r  display_unit/refresh_counter_reg[18]/Q
                         net (fo=9, routed)           0.206     1.816    out_reg/digit_select[0]
    SLICE_X8Y15          LUT4 (Prop_lut4_I1_O)        0.045     1.861 f  out_reg/cathode_OBUF[6]_inst_i_2/O
                         net (fo=7, routed)           0.740     2.600    display_unit/cathode[4]_0
    SLICE_X65Y20         LUT4 (Prop_lut4_I3_O)        0.048     2.648 r  display_unit/cathode_OBUF[4]_inst_i_1/O
                         net (fo=1, routed)           0.373     3.021    cathode_OBUF[4]
    U5                   OBUF (Prop_obuf_I_O)         1.283     4.304 r  cathode_OBUF[4]_inst/O
                         net (fo=0)                   0.000     4.304    cathode[4]
    U5                                                                r  cathode[4] (OUT)
  -------------------------------------------------------------------    -------------------

Slack:                    inf
  Source:                 display_unit/refresh_counter_reg[18]/C
                            (rising edge-triggered cell FDCE clocked by sys_clk_pin  {rise@0.000ns fall@5.000ns period=10.000ns})
  Destination:            cathode[0]
                            (output port)
  Path Group:             (none)
  Path Type:              Min at Fast Process Corner
  Data Path Delay:        2.866ns  (logic 1.466ns (51.144%)  route 1.400ns (48.856%))
  Logic Levels:           3  (LUT4=2 OBUF=1)
  Clock Uncertainty:      0.025ns  ((TSJ^2 + TIJ^2)^1/2 + DJ) / 2 + PE
    Total System Jitter     (TSJ):    0.050ns
    Total Input Jitter      (TIJ):    0.000ns
    Discrete Jitter          (DJ):    0.000ns
    Phase Error              (PE):    0.000ns

    Location             Delay type                Incr(ns)  Path(ns)    Netlist Resource(s)
  -------------------------------------------------------------------    -------------------
                         (clock sys_clk_pin rise edge)
                                                      0.000     0.000 r  
    W5                                                0.000     0.000 r  clk_100MHz (IN)
                         net (fo=0)                   0.000     0.000    clk_100MHz
    W5                   IBUF (Prop_ibuf_I_O)         0.226     0.226 r  clk_100MHz_IBUF_inst/O
                         net (fo=1, routed)           0.631     0.858    clk_100MHz_IBUF
    BUFGCTRL_X0Y1        BUFG (Prop_bufg_I_O)         0.026     0.884 r  clk_100MHz_IBUF_BUFG_inst/O
                         net (fo=45, routed)          0.562     1.445    display_unit/clk_100MHz_IBUF_BUFG
    SLICE_X10Y14         FDCE                                         r  display_unit/refresh_counter_reg[18]/C
  -------------------------------------------------------------------    -------------------
    SLICE_X10Y14         FDCE (Prop_fdce_C_Q)         0.164     1.609 r  display_unit/refresh_counter_reg[18]/Q
                         net (fo=9, routed)           0.206     1.816    out_reg/digit_select[0]
    SLICE_X8Y15          LUT4 (Prop_lut4_I1_O)        0.045     1.861 r  out_reg/cathode_OBUF[6]_inst_i_2/O
                         net (fo=7, routed)           0.793     2.653    out_reg/data_reg_reg[3]_0
    SLICE_X65Y20         LUT4 (Prop_lut4_I0_O)        0.045     2.698 r  out_reg/cathode_OBUF[0]_inst_i_1/O
                         net (fo=1, routed)           0.401     3.099    cathode_OBUF[0]
    W7                   OBUF (Prop_obuf_I_O)         1.212     4.311 r  cathode_OBUF[0]_inst/O
                         net (fo=0)                   0.000     4.311    cathode[0]
    W7                                                                r  cathode[0] (OUT)
  -------------------------------------------------------------------    -------------------

Slack:                    inf
  Source:                 display_unit/refresh_counter_reg[18]/C
                            (rising edge-triggered cell FDCE clocked by sys_clk_pin  {rise@0.000ns fall@5.000ns period=10.000ns})
  Destination:            cathode[6]
                            (output port)
  Path Group:             (none)
  Path Type:              Min at Fast Process Corner
  Data Path Delay:        2.885ns  (logic 1.486ns (51.513%)  route 1.399ns (48.487%))
  Logic Levels:           3  (LUT4=2 OBUF=1)
  Clock Uncertainty:      0.025ns  ((TSJ^2 + TIJ^2)^1/2 + DJ) / 2 + PE
    Total System Jitter     (TSJ):    0.050ns
    Total Input Jitter      (TIJ):    0.000ns
    Discrete Jitter          (DJ):    0.000ns
    Phase Error              (PE):    0.000ns

    Location             Delay type                Incr(ns)  Path(ns)    Netlist Resource(s)
  -------------------------------------------------------------------    -------------------
                         (clock sys_clk_pin rise edge)
                                                      0.000     0.000 r  
    W5                                                0.000     0.000 r  clk_100MHz (IN)
                         net (fo=0)                   0.000     0.000    clk_100MHz
    W5                   IBUF (Prop_ibuf_I_O)         0.226     0.226 r  clk_100MHz_IBUF_inst/O
                         net (fo=1, routed)           0.631     0.858    clk_100MHz_IBUF
    BUFGCTRL_X0Y1        BUFG (Prop_bufg_I_O)         0.026     0.884 r  clk_100MHz_IBUF_BUFG_inst/O
                         net (fo=45, routed)          0.562     1.445    display_unit/clk_100MHz_IBUF_BUFG
    SLICE_X10Y14         FDCE                                         r  display_unit/refresh_counter_reg[18]/C
  -------------------------------------------------------------------    -------------------
    SLICE_X10Y14         FDCE (Prop_fdce_C_Q)         0.164     1.609 r  display_unit/refresh_counter_reg[18]/Q
                         net (fo=9, routed)           0.206     1.816    out_reg/digit_select[0]
    SLICE_X8Y15          LUT4 (Prop_lut4_I1_O)        0.045     1.861 r  out_reg/cathode_OBUF[6]_inst_i_2/O
                         net (fo=7, routed)           0.710     2.570    out_reg/data_reg_reg[3]_0
    SLICE_X65Y20         LUT4 (Prop_lut4_I0_O)        0.045     2.615 r  out_reg/cathode_OBUF[6]_inst_i_1/O
                         net (fo=1, routed)           0.483     3.098    cathode_OBUF[6]
    U7                   OBUF (Prop_obuf_I_O)         1.232     4.330 r  cathode_OBUF[6]_inst/O
                         net (fo=0)                   0.000     4.330    cathode[6]
    U7                                                                r  cathode[6] (OUT)
  -------------------------------------------------------------------    -------------------

Slack:                    inf
  Source:                 display_unit/refresh_counter_reg[18]/C
                            (rising edge-triggered cell FDCE clocked by sys_clk_pin  {rise@0.000ns fall@5.000ns period=10.000ns})
  Destination:            cathode[1]
                            (output port)
  Path Group:             (none)
  Path Type:              Min at Fast Process Corner
  Data Path Delay:        2.968ns  (logic 1.551ns (52.255%)  route 1.417ns (47.745%))
  Logic Levels:           3  (LUT4=2 OBUF=1)
  Clock Uncertainty:      0.025ns  ((TSJ^2 + TIJ^2)^1/2 + DJ) / 2 + PE
    Total System Jitter     (TSJ):    0.050ns
    Total Input Jitter      (TIJ):    0.000ns
    Discrete Jitter          (DJ):    0.000ns
    Phase Error              (PE):    0.000ns

    Location             Delay type                Incr(ns)  Path(ns)    Netlist Resource(s)
  -------------------------------------------------------------------    -------------------
                         (clock sys_clk_pin rise edge)
                                                      0.000     0.000 r  
    W5                                                0.000     0.000 r  clk_100MHz (IN)
                         net (fo=0)                   0.000     0.000    clk_100MHz
    W5                   IBUF (Prop_ibuf_I_O)         0.226     0.226 r  clk_100MHz_IBUF_inst/O
                         net (fo=1, routed)           0.631     0.858    clk_100MHz_IBUF
    BUFGCTRL_X0Y1        BUFG (Prop_bufg_I_O)         0.026     0.884 r  clk_100MHz_IBUF_BUFG_inst/O
                         net (fo=45, routed)          0.562     1.445    display_unit/clk_100MHz_IBUF_BUFG
    SLICE_X10Y14         FDCE                                         r  display_unit/refresh_counter_reg[18]/C
  -------------------------------------------------------------------    -------------------
    SLICE_X10Y14         FDCE (Prop_fdce_C_Q)         0.164     1.609 r  display_unit/refresh_counter_reg[18]/Q
                         net (fo=9, routed)           0.206     1.816    out_reg/digit_select[0]
    SLICE_X8Y15          LUT4 (Prop_lut4_I1_O)        0.045     1.861 r  out_reg/cathode_OBUF[6]_inst_i_2/O
                         net (fo=7, routed)           0.793     2.653    out_reg/data_reg_reg[3]_0
    SLICE_X65Y20         LUT4 (Prop_lut4_I0_O)        0.045     2.698 r  out_reg/cathode_OBUF[1]_inst_i_1/O
                         net (fo=1, routed)           0.418     3.116    cathode_OBUF[1]
    W6                   OBUF (Prop_obuf_I_O)         1.297     4.413 r  cathode_OBUF[1]_inst/O
                         net (fo=0)                   0.000     4.413    cathode[1]
    W6                                                                r  cathode[1] (OUT)
  -------------------------------------------------------------------    -------------------

Slack:                    inf
  Source:                 display_unit/refresh_counter_reg[18]/C
                            (rising edge-triggered cell FDCE clocked by sys_clk_pin  {rise@0.000ns fall@5.000ns period=10.000ns})
  Destination:            anode[3]
                            (output port)
  Path Group:             (none)
  Path Type:              Min at Fast Process Corner
  Data Path Delay:        2.997ns  (logic 1.420ns (47.394%)  route 1.577ns (52.606%))
  Logic Levels:           2  (LUT2=1 OBUF=1)
  Clock Uncertainty:      0.025ns  ((TSJ^2 + TIJ^2)^1/2 + DJ) / 2 + PE
    Total System Jitter     (TSJ):    0.050ns
    Total Input Jitter      (TIJ):    0.000ns
    Discrete Jitter          (DJ):    0.000ns
    Phase Error              (PE):    0.000ns

    Location             Delay type                Incr(ns)  Path(ns)    Netlist Resource(s)
  -------------------------------------------------------------------    -------------------
                         (clock sys_clk_pin rise edge)
                                                      0.000     0.000 r  
    W5                                                0.000     0.000 r  clk_100MHz (IN)
                         net (fo=0)                   0.000     0.000    clk_100MHz
    W5                   IBUF (Prop_ibuf_I_O)         0.226     0.226 r  clk_100MHz_IBUF_inst/O
                         net (fo=1, routed)           0.631     0.858    clk_100MHz_IBUF
    BUFGCTRL_X0Y1        BUFG (Prop_bufg_I_O)         0.026     0.884 r  clk_100MHz_IBUF_BUFG_inst/O
                         net (fo=45, routed)          0.562     1.445    display_unit/clk_100MHz_IBUF_BUFG
    SLICE_X10Y14         FDCE                                         r  display_unit/refresh_counter_reg[18]/C
  -------------------------------------------------------------------    -------------------
    SLICE_X10Y14         FDCE (Prop_fdce_C_Q)         0.164     1.609 f  display_unit/refresh_counter_reg[18]/Q
                         net (fo=9, routed)           0.809     2.418    display_unit/digit_select[0]
    SLICE_X46Y20         LUT2 (Prop_lut2_I1_O)        0.045     2.463 r  display_unit/anode_OBUF[3]_inst_i_1/O
                         net (fo=1, routed)           0.767     3.231    anode_OBUF[3]
    W4                   OBUF (Prop_obuf_I_O)         1.211     4.442 r  anode_OBUF[3]_inst/O
                         net (fo=0)                   0.000     4.442    anode[3]
    W4                                                                r  anode[3] (OUT)
  -------------------------------------------------------------------    -------------------

Slack:                    inf
  Source:                 display_unit/refresh_counter_reg[18]/C
                            (rising edge-triggered cell FDCE clocked by sys_clk_pin  {rise@0.000ns fall@5.000ns period=10.000ns})
  Destination:            anode[1]
                            (output port)
  Path Group:             (none)
  Path Type:              Min at Fast Process Corner
  Data Path Delay:        3.070ns  (logic 1.409ns (45.901%)  route 1.661ns (54.099%))
  Logic Levels:           2  (LUT2=1 OBUF=1)
  Clock Uncertainty:      0.025ns  ((TSJ^2 + TIJ^2)^1/2 + DJ) / 2 + PE
    Total System Jitter     (TSJ):    0.050ns
    Total Input Jitter      (TIJ):    0.000ns
    Discrete Jitter          (DJ):    0.000ns
    Phase Error              (PE):    0.000ns

    Location             Delay type                Incr(ns)  Path(ns)    Netlist Resource(s)
  -------------------------------------------------------------------    -------------------
                         (clock sys_clk_pin rise edge)
                                                      0.000     0.000 r  
    W5                                                0.000     0.000 r  clk_100MHz (IN)
                         net (fo=0)                   0.000     0.000    clk_100MHz
    W5                   IBUF (Prop_ibuf_I_O)         0.226     0.226 r  clk_100MHz_IBUF_inst/O
                         net (fo=1, routed)           0.631     0.858    clk_100MHz_IBUF
    BUFGCTRL_X0Y1        BUFG (Prop_bufg_I_O)         0.026     0.884 r  clk_100MHz_IBUF_BUFG_inst/O
                         net (fo=45, routed)          0.562     1.445    display_unit/clk_100MHz_IBUF_BUFG
    SLICE_X10Y14         FDCE                                         r  display_unit/refresh_counter_reg[18]/C
  -------------------------------------------------------------------    -------------------
    SLICE_X10Y14         FDCE (Prop_fdce_C_Q)         0.164     1.609 f  display_unit/refresh_counter_reg[18]/Q
                         net (fo=9, routed)           0.810     2.419    display_unit/digit_select[0]
    SLICE_X46Y20         LUT2 (Prop_lut2_I1_O)        0.045     2.464 r  display_unit/anode_OBUF[1]_inst_i_1/O
                         net (fo=1, routed)           0.851     3.315    anode_OBUF[1]
    U4                   OBUF (Prop_obuf_I_O)         1.200     4.515 r  anode_OBUF[1]_inst/O
                         net (fo=0)                   0.000     4.515    anode[1]
    U4                                                                r  anode[1] (OUT)
  -------------------------------------------------------------------    -------------------

Slack:                    inf
  Source:                 display_unit/refresh_counter_reg[18]/C
                            (rising edge-triggered cell FDCE clocked by sys_clk_pin  {rise@0.000ns fall@5.000ns period=10.000ns})
  Destination:            anode[0]
                            (output port)
  Path Group:             (none)
  Path Type:              Min at Fast Process Corner
  Data Path Delay:        3.161ns  (logic 1.480ns (46.829%)  route 1.680ns (53.171%))
  Logic Levels:           2  (LUT2=1 OBUF=1)
  Clock Uncertainty:      0.025ns  ((TSJ^2 + TIJ^2)^1/2 + DJ) / 2 + PE
    Total System Jitter     (TSJ):    0.050ns
    Total Input Jitter      (TIJ):    0.000ns
    Discrete Jitter          (DJ):    0.000ns
    Phase Error              (PE):    0.000ns

    Location             Delay type                Incr(ns)  Path(ns)    Netlist Resource(s)
  -------------------------------------------------------------------    -------------------
                         (clock sys_clk_pin rise edge)
                                                      0.000     0.000 r  
    W5                                                0.000     0.000 r  clk_100MHz (IN)
                         net (fo=0)                   0.000     0.000    clk_100MHz
    W5                   IBUF (Prop_ibuf_I_O)         0.226     0.226 r  clk_100MHz_IBUF_inst/O
                         net (fo=1, routed)           0.631     0.858    clk_100MHz_IBUF
    BUFGCTRL_X0Y1        BUFG (Prop_bufg_I_O)         0.026     0.884 r  clk_100MHz_IBUF_BUFG_inst/O
                         net (fo=45, routed)          0.562     1.445    display_unit/clk_100MHz_IBUF_BUFG
    SLICE_X10Y14         FDCE                                         r  display_unit/refresh_counter_reg[18]/C
  -------------------------------------------------------------------    -------------------
    SLICE_X10Y14         FDCE (Prop_fdce_C_Q)         0.164     1.609 r  display_unit/refresh_counter_reg[18]/Q
                         net (fo=9, routed)           0.810     2.419    display_unit/digit_select[0]
    SLICE_X46Y20         LUT2 (Prop_lut2_I1_O)        0.046     2.465 r  display_unit/anode_OBUF[0]_inst_i_1/O
                         net (fo=1, routed)           0.870     3.336    anode_OBUF[0]
    U2                   OBUF (Prop_obuf_I_O)         1.270     4.606 r  anode_OBUF[0]_inst/O
                         net (fo=0)                   0.000     4.606    anode[0]
    U2                                                                r  anode[0] (OUT)
  -------------------------------------------------------------------    -------------------





--------------------------------------------------------------------------------------
Path Group:  (none)
From Clock:  
  To Clock:  sys_clk_pin

Max Delay            20 Endpoints
Min Delay            20 Endpoints
--------------------------------------------------------------------------------------


Max Delay Paths
--------------------------------------------------------------------------------------
Slack:                    inf
  Source:                 reset_sw
                            (input port)
  Destination:            display_unit/refresh_counter_reg[4]/CLR
                            (recovery check against rising-edge clock sys_clk_pin  {rise@0.000ns fall@5.000ns period=10.000ns})
  Path Group:             (none)
  Path Type:              Recovery (Max at Slow Process Corner)
  Data Path Delay:        5.214ns  (logic 1.453ns (27.863%)  route 3.761ns (72.137%))
  Logic Levels:           1  (IBUF=1)
  Clock Path Skew:        4.789ns (DCD - SCD + CPR)
    Destination Clock Delay (DCD):    4.789ns
    Source Clock Delay      (SCD):    0.000ns
    Clock Pessimism Removal (CPR):    0.000ns
  Clock Uncertainty:      0.025ns  ((TSJ^2 + TIJ^2)^1/2 + DJ) / 2 + PE
    Total System Jitter     (TSJ):    0.050ns
    Total Input Jitter      (TIJ):    0.000ns
    Discrete Jitter          (DJ):    0.000ns
    Phase Error              (PE):    0.000ns

    Location             Delay type                Incr(ns)  Path(ns)    Netlist Resource(s)
  -------------------------------------------------------------------    -------------------
    V17                                               0.000     0.000 f  reset_sw (IN)
                         net (fo=0)                   0.000     0.000    reset_sw
    V17                  IBUF (Prop_ibuf_I_O)         1.453     1.453 f  reset_sw_IBUF_inst/O
                         net (fo=92, routed)          3.761     5.214    display_unit/AR[0]
    SLICE_X10Y11         FDCE                                         f  display_unit/refresh_counter_reg[4]/CLR
  -------------------------------------------------------------------    -------------------

                         (clock sys_clk_pin rise edge)
                                                      0.000     0.000 r  
    W5                                                0.000     0.000 r  clk_100MHz (IN)
                         net (fo=0)                   0.000     0.000    clk_100MHz
    W5                   IBUF (Prop_ibuf_I_O)         1.388     1.388 r  clk_100MHz_IBUF_inst/O
                         net (fo=1, routed)           1.862     3.250    clk_100MHz_IBUF
    BUFGCTRL_X0Y1        BUFG (Prop_bufg_I_O)         0.091     3.341 r  clk_100MHz_IBUF_BUFG_inst/O
                         net (fo=45, routed)          1.448     4.789    display_unit/clk_100MHz_IBUF_BUFG
    SLICE_X10Y11         FDCE                                         r  display_unit/refresh_counter_reg[4]/C

Slack:                    inf
  Source:                 reset_sw
                            (input port)
  Destination:            display_unit/refresh_counter_reg[5]/CLR
                            (recovery check against rising-edge clock sys_clk_pin  {rise@0.000ns fall@5.000ns period=10.000ns})
  Path Group:             (none)
  Path Type:              Recovery (Max at Slow Process Corner)
  Data Path Delay:        5.214ns  (logic 1.453ns (27.863%)  route 3.761ns (72.137%))
  Logic Levels:           1  (IBUF=1)
  Clock Path Skew:        4.789ns (DCD - SCD + CPR)
    Destination Clock Delay (DCD):    4.789ns
    Source Clock Delay      (SCD):    0.000ns
    Clock Pessimism Removal (CPR):    0.000ns
  Clock Uncertainty:      0.025ns  ((TSJ^2 + TIJ^2)^1/2 + DJ) / 2 + PE
    Total System Jitter     (TSJ):    0.050ns
    Total Input Jitter      (TIJ):    0.000ns
    Discrete Jitter          (DJ):    0.000ns
    Phase Error              (PE):    0.000ns

    Location             Delay type                Incr(ns)  Path(ns)    Netlist Resource(s)
  -------------------------------------------------------------------    -------------------
    V17                                               0.000     0.000 f  reset_sw (IN)
                         net (fo=0)                   0.000     0.000    reset_sw
    V17                  IBUF (Prop_ibuf_I_O)         1.453     1.453 f  reset_sw_IBUF_inst/O
                         net (fo=92, routed)          3.761     5.214    display_unit/AR[0]
    SLICE_X10Y11         FDCE                                         f  display_unit/refresh_counter_reg[5]/CLR
  -------------------------------------------------------------------    -------------------

                         (clock sys_clk_pin rise edge)
                                                      0.000     0.000 r  
    W5                                                0.000     0.000 r  clk_100MHz (IN)
                         net (fo=0)                   0.000     0.000    clk_100MHz
    W5                   IBUF (Prop_ibuf_I_O)         1.388     1.388 r  clk_100MHz_IBUF_inst/O
                         net (fo=1, routed)           1.862     3.250    clk_100MHz_IBUF
    BUFGCTRL_X0Y1        BUFG (Prop_bufg_I_O)         0.091     3.341 r  clk_100MHz_IBUF_BUFG_inst/O
                         net (fo=45, routed)          1.448     4.789    display_unit/clk_100MHz_IBUF_BUFG
    SLICE_X10Y11         FDCE                                         r  display_unit/refresh_counter_reg[5]/C

Slack:                    inf
  Source:                 reset_sw
                            (input port)
  Destination:            display_unit/refresh_counter_reg[6]/CLR
                            (recovery check against rising-edge clock sys_clk_pin  {rise@0.000ns fall@5.000ns period=10.000ns})
  Path Group:             (none)
  Path Type:              Recovery (Max at Slow Process Corner)
  Data Path Delay:        5.214ns  (logic 1.453ns (27.863%)  route 3.761ns (72.137%))
  Logic Levels:           1  (IBUF=1)
  Clock Path Skew:        4.789ns (DCD - SCD + CPR)
    Destination Clock Delay (DCD):    4.789ns
    Source Clock Delay      (SCD):    0.000ns
    Clock Pessimism Removal (CPR):    0.000ns
  Clock Uncertainty:      0.025ns  ((TSJ^2 + TIJ^2)^1/2 + DJ) / 2 + PE
    Total System Jitter     (TSJ):    0.050ns
    Total Input Jitter      (TIJ):    0.000ns
    Discrete Jitter          (DJ):    0.000ns
    Phase Error              (PE):    0.000ns

    Location             Delay type                Incr(ns)  Path(ns)    Netlist Resource(s)
  -------------------------------------------------------------------    -------------------
    V17                                               0.000     0.000 f  reset_sw (IN)
                         net (fo=0)                   0.000     0.000    reset_sw
    V17                  IBUF (Prop_ibuf_I_O)         1.453     1.453 f  reset_sw_IBUF_inst/O
                         net (fo=92, routed)          3.761     5.214    display_unit/AR[0]
    SLICE_X10Y11         FDCE                                         f  display_unit/refresh_counter_reg[6]/CLR
  -------------------------------------------------------------------    -------------------

                         (clock sys_clk_pin rise edge)
                                                      0.000     0.000 r  
    W5                                                0.000     0.000 r  clk_100MHz (IN)
                         net (fo=0)                   0.000     0.000    clk_100MHz
    W5                   IBUF (Prop_ibuf_I_O)         1.388     1.388 r  clk_100MHz_IBUF_inst/O
                         net (fo=1, routed)           1.862     3.250    clk_100MHz_IBUF
    BUFGCTRL_X0Y1        BUFG (Prop_bufg_I_O)         0.091     3.341 r  clk_100MHz_IBUF_BUFG_inst/O
                         net (fo=45, routed)          1.448     4.789    display_unit/clk_100MHz_IBUF_BUFG
    SLICE_X10Y11         FDCE                                         r  display_unit/refresh_counter_reg[6]/C

Slack:                    inf
  Source:                 reset_sw
                            (input port)
  Destination:            display_unit/refresh_counter_reg[7]/CLR
                            (recovery check against rising-edge clock sys_clk_pin  {rise@0.000ns fall@5.000ns period=10.000ns})
  Path Group:             (none)
  Path Type:              Recovery (Max at Slow Process Corner)
  Data Path Delay:        5.214ns  (logic 1.453ns (27.863%)  route 3.761ns (72.137%))
  Logic Levels:           1  (IBUF=1)
  Clock Path Skew:        4.789ns (DCD - SCD + CPR)
    Destination Clock Delay (DCD):    4.789ns
    Source Clock Delay      (SCD):    0.000ns
    Clock Pessimism Removal (CPR):    0.000ns
  Clock Uncertainty:      0.025ns  ((TSJ^2 + TIJ^2)^1/2 + DJ) / 2 + PE
    Total System Jitter     (TSJ):    0.050ns
    Total Input Jitter      (TIJ):    0.000ns
    Discrete Jitter          (DJ):    0.000ns
    Phase Error              (PE):    0.000ns

    Location             Delay type                Incr(ns)  Path(ns)    Netlist Resource(s)
  -------------------------------------------------------------------    -------------------
    V17                                               0.000     0.000 f  reset_sw (IN)
                         net (fo=0)                   0.000     0.000    reset_sw
    V17                  IBUF (Prop_ibuf_I_O)         1.453     1.453 f  reset_sw_IBUF_inst/O
                         net (fo=92, routed)          3.761     5.214    display_unit/AR[0]
    SLICE_X10Y11         FDCE                                         f  display_unit/refresh_counter_reg[7]/CLR
  -------------------------------------------------------------------    -------------------

                         (clock sys_clk_pin rise edge)
                                                      0.000     0.000 r  
    W5                                                0.000     0.000 r  clk_100MHz (IN)
                         net (fo=0)                   0.000     0.000    clk_100MHz
    W5                   IBUF (Prop_ibuf_I_O)         1.388     1.388 r  clk_100MHz_IBUF_inst/O
                         net (fo=1, routed)           1.862     3.250    clk_100MHz_IBUF
    BUFGCTRL_X0Y1        BUFG (Prop_bufg_I_O)         0.091     3.341 r  clk_100MHz_IBUF_BUFG_inst/O
                         net (fo=45, routed)          1.448     4.789    display_unit/clk_100MHz_IBUF_BUFG
    SLICE_X10Y11         FDCE                                         r  display_unit/refresh_counter_reg[7]/C

Slack:                    inf
  Source:                 reset_sw
                            (input port)
  Destination:            display_unit/refresh_counter_reg[0]/CLR
                            (recovery check against rising-edge clock sys_clk_pin  {rise@0.000ns fall@5.000ns period=10.000ns})
  Path Group:             (none)
  Path Type:              Recovery (Max at Slow Process Corner)
  Data Path Delay:        5.076ns  (logic 1.453ns (28.623%)  route 3.623ns (71.377%))
  Logic Levels:           1  (IBUF=1)
  Clock Path Skew:        4.790ns (DCD - SCD + CPR)
    Destination Clock Delay (DCD):    4.790ns
    Source Clock Delay      (SCD):    0.000ns
    Clock Pessimism Removal (CPR):    0.000ns
  Clock Uncertainty:      0.025ns  ((TSJ^2 + TIJ^2)^1/2 + DJ) / 2 + PE
    Total System Jitter     (TSJ):    0.050ns
    Total Input Jitter      (TIJ):    0.000ns
    Discrete Jitter          (DJ):    0.000ns
    Phase Error              (PE):    0.000ns

    Location             Delay type                Incr(ns)  Path(ns)    Netlist Resource(s)
  -------------------------------------------------------------------    -------------------
    V17                                               0.000     0.000 f  reset_sw (IN)
                         net (fo=0)                   0.000     0.000    reset_sw
    V17                  IBUF (Prop_ibuf_I_O)         1.453     1.453 f  reset_sw_IBUF_inst/O
                         net (fo=92, routed)          3.623     5.076    display_unit/AR[0]
    SLICE_X10Y10         FDCE                                         f  display_unit/refresh_counter_reg[0]/CLR
  -------------------------------------------------------------------    -------------------

                         (clock sys_clk_pin rise edge)
                                                      0.000     0.000 r  
    W5                                                0.000     0.000 r  clk_100MHz (IN)
                         net (fo=0)                   0.000     0.000    clk_100MHz
    W5                   IBUF (Prop_ibuf_I_O)         1.388     1.388 r  clk_100MHz_IBUF_inst/O
                         net (fo=1, routed)           1.862     3.250    clk_100MHz_IBUF
    BUFGCTRL_X0Y1        BUFG (Prop_bufg_I_O)         0.091     3.341 r  clk_100MHz_IBUF_BUFG_inst/O
                         net (fo=45, routed)          1.449     4.790    display_unit/clk_100MHz_IBUF_BUFG
    SLICE_X10Y10         FDCE                                         r  display_unit/refresh_counter_reg[0]/C

Slack:                    inf
  Source:                 reset_sw
                            (input port)
  Destination:            display_unit/refresh_counter_reg[1]/CLR
                            (recovery check against rising-edge clock sys_clk_pin  {rise@0.000ns fall@5.000ns period=10.000ns})
  Path Group:             (none)
  Path Type:              Recovery (Max at Slow Process Corner)
  Data Path Delay:        5.076ns  (logic 1.453ns (28.623%)  route 3.623ns (71.377%))
  Logic Levels:           1  (IBUF=1)
  Clock Path Skew:        4.790ns (DCD - SCD + CPR)
    Destination Clock Delay (DCD):    4.790ns
    Source Clock Delay      (SCD):    0.000ns
    Clock Pessimism Removal (CPR):    0.000ns
  Clock Uncertainty:      0.025ns  ((TSJ^2 + TIJ^2)^1/2 + DJ) / 2 + PE
    Total System Jitter     (TSJ):    0.050ns
    Total Input Jitter      (TIJ):    0.000ns
    Discrete Jitter          (DJ):    0.000ns
    Phase Error              (PE):    0.000ns

    Location             Delay type                Incr(ns)  Path(ns)    Netlist Resource(s)
  -------------------------------------------------------------------    -------------------
    V17                                               0.000     0.000 f  reset_sw (IN)
                         net (fo=0)                   0.000     0.000    reset_sw
    V17                  IBUF (Prop_ibuf_I_O)         1.453     1.453 f  reset_sw_IBUF_inst/O
                         net (fo=92, routed)          3.623     5.076    display_unit/AR[0]
    SLICE_X10Y10         FDCE                                         f  display_unit/refresh_counter_reg[1]/CLR
  -------------------------------------------------------------------    -------------------

                         (clock sys_clk_pin rise edge)
                                                      0.000     0.000 r  
    W5                                                0.000     0.000 r  clk_100MHz (IN)
                         net (fo=0)                   0.000     0.000    clk_100MHz
    W5                   IBUF (Prop_ibuf_I_O)         1.388     1.388 r  clk_100MHz_IBUF_inst/O
                         net (fo=1, routed)           1.862     3.250    clk_100MHz_IBUF
    BUFGCTRL_X0Y1        BUFG (Prop_bufg_I_O)         0.091     3.341 r  clk_100MHz_IBUF_BUFG_inst/O
                         net (fo=45, routed)          1.449     4.790    display_unit/clk_100MHz_IBUF_BUFG
    SLICE_X10Y10         FDCE                                         r  display_unit/refresh_counter_reg[1]/C

Slack:                    inf
  Source:                 reset_sw
                            (input port)
  Destination:            display_unit/refresh_counter_reg[2]/CLR
                            (recovery check against rising-edge clock sys_clk_pin  {rise@0.000ns fall@5.000ns period=10.000ns})
  Path Group:             (none)
  Path Type:              Recovery (Max at Slow Process Corner)
  Data Path Delay:        5.076ns  (logic 1.453ns (28.623%)  route 3.623ns (71.377%))
  Logic Levels:           1  (IBUF=1)
  Clock Path Skew:        4.790ns (DCD - SCD + CPR)
    Destination Clock Delay (DCD):    4.790ns
    Source Clock Delay      (SCD):    0.000ns
    Clock Pessimism Removal (CPR):    0.000ns
  Clock Uncertainty:      0.025ns  ((TSJ^2 + TIJ^2)^1/2 + DJ) / 2 + PE
    Total System Jitter     (TSJ):    0.050ns
    Total Input Jitter      (TIJ):    0.000ns
    Discrete Jitter          (DJ):    0.000ns
    Phase Error              (PE):    0.000ns

    Location             Delay type                Incr(ns)  Path(ns)    Netlist Resource(s)
  -------------------------------------------------------------------    -------------------
    V17                                               0.000     0.000 f  reset_sw (IN)
                         net (fo=0)                   0.000     0.000    reset_sw
    V17                  IBUF (Prop_ibuf_I_O)         1.453     1.453 f  reset_sw_IBUF_inst/O
                         net (fo=92, routed)          3.623     5.076    display_unit/AR[0]
    SLICE_X10Y10         FDCE                                         f  display_unit/refresh_counter_reg[2]/CLR
  -------------------------------------------------------------------    -------------------

                         (clock sys_clk_pin rise edge)
                                                      0.000     0.000 r  
    W5                                                0.000     0.000 r  clk_100MHz (IN)
                         net (fo=0)                   0.000     0.000    clk_100MHz
    W5                   IBUF (Prop_ibuf_I_O)         1.388     1.388 r  clk_100MHz_IBUF_inst/O
                         net (fo=1, routed)           1.862     3.250    clk_100MHz_IBUF
    BUFGCTRL_X0Y1        BUFG (Prop_bufg_I_O)         0.091     3.341 r  clk_100MHz_IBUF_BUFG_inst/O
                         net (fo=45, routed)          1.449     4.790    display_unit/clk_100MHz_IBUF_BUFG
    SLICE_X10Y10         FDCE                                         r  display_unit/refresh_counter_reg[2]/C

Slack:                    inf
  Source:                 reset_sw
                            (input port)
  Destination:            display_unit/refresh_counter_reg[3]/CLR
                            (recovery check against rising-edge clock sys_clk_pin  {rise@0.000ns fall@5.000ns period=10.000ns})
  Path Group:             (none)
  Path Type:              Recovery (Max at Slow Process Corner)
  Data Path Delay:        5.076ns  (logic 1.453ns (28.623%)  route 3.623ns (71.377%))
  Logic Levels:           1  (IBUF=1)
  Clock Path Skew:        4.790ns (DCD - SCD + CPR)
    Destination Clock Delay (DCD):    4.790ns
    Source Clock Delay      (SCD):    0.000ns
    Clock Pessimism Removal (CPR):    0.000ns
  Clock Uncertainty:      0.025ns  ((TSJ^2 + TIJ^2)^1/2 + DJ) / 2 + PE
    Total System Jitter     (TSJ):    0.050ns
    Total Input Jitter      (TIJ):    0.000ns
    Discrete Jitter          (DJ):    0.000ns
    Phase Error              (PE):    0.000ns

    Location             Delay type                Incr(ns)  Path(ns)    Netlist Resource(s)
  -------------------------------------------------------------------    -------------------
    V17                                               0.000     0.000 f  reset_sw (IN)
                         net (fo=0)                   0.000     0.000    reset_sw
    V17                  IBUF (Prop_ibuf_I_O)         1.453     1.453 f  reset_sw_IBUF_inst/O
                         net (fo=92, routed)          3.623     5.076    display_unit/AR[0]
    SLICE_X10Y10         FDCE                                         f  display_unit/refresh_counter_reg[3]/CLR
  -------------------------------------------------------------------    -------------------

                         (clock sys_clk_pin rise edge)
                                                      0.000     0.000 r  
    W5                                                0.000     0.000 r  clk_100MHz (IN)
                         net (fo=0)                   0.000     0.000    clk_100MHz
    W5                   IBUF (Prop_ibuf_I_O)         1.388     1.388 r  clk_100MHz_IBUF_inst/O
                         net (fo=1, routed)           1.862     3.250    clk_100MHz_IBUF
    BUFGCTRL_X0Y1        BUFG (Prop_bufg_I_O)         0.091     3.341 r  clk_100MHz_IBUF_BUFG_inst/O
                         net (fo=45, routed)          1.449     4.790    display_unit/clk_100MHz_IBUF_BUFG
    SLICE_X10Y10         FDCE                                         r  display_unit/refresh_counter_reg[3]/C

Slack:                    inf
  Source:                 reset_sw
                            (input port)
  Destination:            display_unit/refresh_counter_reg[10]/CLR
                            (recovery check against rising-edge clock sys_clk_pin  {rise@0.000ns fall@5.000ns period=10.000ns})
  Path Group:             (none)
  Path Type:              Recovery (Max at Slow Process Corner)
  Data Path Delay:        4.925ns  (logic 1.453ns (29.500%)  route 3.472ns (70.500%))
  Logic Levels:           1  (IBUF=1)
  Clock Path Skew:        4.788ns (DCD - SCD + CPR)
    Destination Clock Delay (DCD):    4.788ns
    Source Clock Delay      (SCD):    0.000ns
    Clock Pessimism Removal (CPR):    0.000ns
  Clock Uncertainty:      0.025ns  ((TSJ^2 + TIJ^2)^1/2 + DJ) / 2 + PE
    Total System Jitter     (TSJ):    0.050ns
    Total Input Jitter      (TIJ):    0.000ns
    Discrete Jitter          (DJ):    0.000ns
    Phase Error              (PE):    0.000ns

    Location             Delay type                Incr(ns)  Path(ns)    Netlist Resource(s)
  -------------------------------------------------------------------    -------------------
    V17                                               0.000     0.000 f  reset_sw (IN)
                         net (fo=0)                   0.000     0.000    reset_sw
    V17                  IBUF (Prop_ibuf_I_O)         1.453     1.453 f  reset_sw_IBUF_inst/O
                         net (fo=92, routed)          3.472     4.925    display_unit/AR[0]
    SLICE_X10Y12         FDCE                                         f  display_unit/refresh_counter_reg[10]/CLR
  -------------------------------------------------------------------    -------------------

                         (clock sys_clk_pin rise edge)
                                                      0.000     0.000 r  
    W5                                                0.000     0.000 r  clk_100MHz (IN)
                         net (fo=0)                   0.000     0.000    clk_100MHz
    W5                   IBUF (Prop_ibuf_I_O)         1.388     1.388 r  clk_100MHz_IBUF_inst/O
                         net (fo=1, routed)           1.862     3.250    clk_100MHz_IBUF
    BUFGCTRL_X0Y1        BUFG (Prop_bufg_I_O)         0.091     3.341 r  clk_100MHz_IBUF_BUFG_inst/O
                         net (fo=45, routed)          1.447     4.788    display_unit/clk_100MHz_IBUF_BUFG
    SLICE_X10Y12         FDCE                                         r  display_unit/refresh_counter_reg[10]/C

Slack:                    inf
  Source:                 reset_sw
                            (input port)
  Destination:            display_unit/refresh_counter_reg[11]/CLR
                            (recovery check against rising-edge clock sys_clk_pin  {rise@0.000ns fall@5.000ns period=10.000ns})
  Path Group:             (none)
  Path Type:              Recovery (Max at Slow Process Corner)
  Data Path Delay:        4.925ns  (logic 1.453ns (29.500%)  route 3.472ns (70.500%))
  Logic Levels:           1  (IBUF=1)
  Clock Path Skew:        4.788ns (DCD - SCD + CPR)
    Destination Clock Delay (DCD):    4.788ns
    Source Clock Delay      (SCD):    0.000ns
    Clock Pessimism Removal (CPR):    0.000ns
  Clock Uncertainty:      0.025ns  ((TSJ^2 + TIJ^2)^1/2 + DJ) / 2 + PE
    Total System Jitter     (TSJ):    0.050ns
    Total Input Jitter      (TIJ):    0.000ns
    Discrete Jitter          (DJ):    0.000ns
    Phase Error              (PE):    0.000ns

    Location             Delay type                Incr(ns)  Path(ns)    Netlist Resource(s)
  -------------------------------------------------------------------    -------------------
    V17                                               0.000     0.000 f  reset_sw (IN)
                         net (fo=0)                   0.000     0.000    reset_sw
    V17                  IBUF (Prop_ibuf_I_O)         1.453     1.453 f  reset_sw_IBUF_inst/O
                         net (fo=92, routed)          3.472     4.925    display_unit/AR[0]
    SLICE_X10Y12         FDCE                                         f  display_unit/refresh_counter_reg[11]/CLR
  -------------------------------------------------------------------    -------------------

                         (clock sys_clk_pin rise edge)
                                                      0.000     0.000 r  
    W5                                                0.000     0.000 r  clk_100MHz (IN)
                         net (fo=0)                   0.000     0.000    clk_100MHz
    W5                   IBUF (Prop_ibuf_I_O)         1.388     1.388 r  clk_100MHz_IBUF_inst/O
                         net (fo=1, routed)           1.862     3.250    clk_100MHz_IBUF
    BUFGCTRL_X0Y1        BUFG (Prop_bufg_I_O)         0.091     3.341 r  clk_100MHz_IBUF_BUFG_inst/O
                         net (fo=45, routed)          1.447     4.788    display_unit/clk_100MHz_IBUF_BUFG
    SLICE_X10Y12         FDCE                                         r  display_unit/refresh_counter_reg[11]/C





Min Delay Paths
--------------------------------------------------------------------------------------
Slack:                    inf
  Source:                 reset_sw
                            (input port)
  Destination:            display_unit/refresh_counter_reg[16]/CLR
                            (removal check against rising-edge clock sys_clk_pin  {rise@0.000ns fall@5.000ns period=10.000ns})
  Path Group:             (none)
  Path Type:              Removal (Min at Fast Process Corner)
  Data Path Delay:        1.552ns  (logic 0.221ns (14.237%)  route 1.331ns (85.763%))
  Logic Levels:           1  (IBUF=1)
  Clock Path Skew:        1.958ns (DCD - SCD - CPR)
    Destination Clock Delay (DCD):    1.958ns
    Source Clock Delay      (SCD):    0.000ns
    Clock Pessimism Removal (CPR):    -0.000ns

    Location             Delay type                Incr(ns)  Path(ns)    Netlist Resource(s)
  -------------------------------------------------------------------    -------------------
    V17                                               0.000     0.000 f  reset_sw (IN)
                         net (fo=0)                   0.000     0.000    reset_sw
    V17                  IBUF (Prop_ibuf_I_O)         0.221     0.221 f  reset_sw_IBUF_inst/O
                         net (fo=92, routed)          1.331     1.552    display_unit/AR[0]
    SLICE_X10Y14         FDCE                                         f  display_unit/refresh_counter_reg[16]/CLR
  -------------------------------------------------------------------    -------------------

                         (clock sys_clk_pin rise edge)
                                                      0.000     0.000 r  
    W5                                                0.000     0.000 r  clk_100MHz (IN)
                         net (fo=0)                   0.000     0.000    clk_100MHz
    W5                   IBUF (Prop_ibuf_I_O)         0.414     0.414 r  clk_100MHz_IBUF_inst/O
                         net (fo=1, routed)           0.685     1.099    clk_100MHz_IBUF
    BUFGCTRL_X0Y1        BUFG (Prop_bufg_I_O)         0.029     1.128 r  clk_100MHz_IBUF_BUFG_inst/O
                         net (fo=45, routed)          0.831     1.958    display_unit/clk_100MHz_IBUF_BUFG
    SLICE_X10Y14         FDCE                                         r  display_unit/refresh_counter_reg[16]/C

Slack:                    inf
  Source:                 reset_sw
                            (input port)
  Destination:            display_unit/refresh_counter_reg[17]/CLR
                            (removal check against rising-edge clock sys_clk_pin  {rise@0.000ns fall@5.000ns period=10.000ns})
  Path Group:             (none)
  Path Type:              Removal (Min at Fast Process Corner)
  Data Path Delay:        1.552ns  (logic 0.221ns (14.237%)  route 1.331ns (85.763%))
  Logic Levels:           1  (IBUF=1)
  Clock Path Skew:        1.958ns (DCD - SCD - CPR)
    Destination Clock Delay (DCD):    1.958ns
    Source Clock Delay      (SCD):    0.000ns
    Clock Pessimism Removal (CPR):    -0.000ns

    Location             Delay type                Incr(ns)  Path(ns)    Netlist Resource(s)
  -------------------------------------------------------------------    -------------------
    V17                                               0.000     0.000 f  reset_sw (IN)
                         net (fo=0)                   0.000     0.000    reset_sw
    V17                  IBUF (Prop_ibuf_I_O)         0.221     0.221 f  reset_sw_IBUF_inst/O
                         net (fo=92, routed)          1.331     1.552    display_unit/AR[0]
    SLICE_X10Y14         FDCE                                         f  display_unit/refresh_counter_reg[17]/CLR
  -------------------------------------------------------------------    -------------------

                         (clock sys_clk_pin rise edge)
                                                      0.000     0.000 r  
    W5                                                0.000     0.000 r  clk_100MHz (IN)
                         net (fo=0)                   0.000     0.000    clk_100MHz
    W5                   IBUF (Prop_ibuf_I_O)         0.414     0.414 r  clk_100MHz_IBUF_inst/O
                         net (fo=1, routed)           0.685     1.099    clk_100MHz_IBUF
    BUFGCTRL_X0Y1        BUFG (Prop_bufg_I_O)         0.029     1.128 r  clk_100MHz_IBUF_BUFG_inst/O
                         net (fo=45, routed)          0.831     1.958    display_unit/clk_100MHz_IBUF_BUFG
    SLICE_X10Y14         FDCE                                         r  display_unit/refresh_counter_reg[17]/C

Slack:                    inf
  Source:                 reset_sw
                            (input port)
  Destination:            display_unit/refresh_counter_reg[18]/CLR
                            (removal check against rising-edge clock sys_clk_pin  {rise@0.000ns fall@5.000ns period=10.000ns})
  Path Group:             (none)
  Path Type:              Removal (Min at Fast Process Corner)
  Data Path Delay:        1.552ns  (logic 0.221ns (14.237%)  route 1.331ns (85.763%))
  Logic Levels:           1  (IBUF=1)
  Clock Path Skew:        1.958ns (DCD - SCD - CPR)
    Destination Clock Delay (DCD):    1.958ns
    Source Clock Delay      (SCD):    0.000ns
    Clock Pessimism Removal (CPR):    -0.000ns

    Location             Delay type                Incr(ns)  Path(ns)    Netlist Resource(s)
  -------------------------------------------------------------------    -------------------
    V17                                               0.000     0.000 f  reset_sw (IN)
                         net (fo=0)                   0.000     0.000    reset_sw
    V17                  IBUF (Prop_ibuf_I_O)         0.221     0.221 f  reset_sw_IBUF_inst/O
                         net (fo=92, routed)          1.331     1.552    display_unit/AR[0]
    SLICE_X10Y14         FDCE                                         f  display_unit/refresh_counter_reg[18]/CLR
  -------------------------------------------------------------------    -------------------

                         (clock sys_clk_pin rise edge)
                                                      0.000     0.000 r  
    W5                                                0.000     0.000 r  clk_100MHz (IN)
                         net (fo=0)                   0.000     0.000    clk_100MHz
    W5                   IBUF (Prop_ibuf_I_O)         0.414     0.414 r  clk_100MHz_IBUF_inst/O
                         net (fo=1, routed)           0.685     1.099    clk_100MHz_IBUF
    BUFGCTRL_X0Y1        BUFG (Prop_bufg_I_O)         0.029     1.128 r  clk_100MHz_IBUF_BUFG_inst/O
                         net (fo=45, routed)          0.831     1.958    display_unit/clk_100MHz_IBUF_BUFG
    SLICE_X10Y14         FDCE                                         r  display_unit/refresh_counter_reg[18]/C

Slack:                    inf
  Source:                 reset_sw
                            (input port)
  Destination:            display_unit/refresh_counter_reg[19]/CLR
                            (removal check against rising-edge clock sys_clk_pin  {rise@0.000ns fall@5.000ns period=10.000ns})
  Path Group:             (none)
  Path Type:              Removal (Min at Fast Process Corner)
  Data Path Delay:        1.552ns  (logic 0.221ns (14.237%)  route 1.331ns (85.763%))
  Logic Levels:           1  (IBUF=1)
  Clock Path Skew:        1.958ns (DCD - SCD - CPR)
    Destination Clock Delay (DCD):    1.958ns
    Source Clock Delay      (SCD):    0.000ns
    Clock Pessimism Removal (CPR):    -0.000ns

    Location             Delay type                Incr(ns)  Path(ns)    Netlist Resource(s)
  -------------------------------------------------------------------    -------------------
    V17                                               0.000     0.000 f  reset_sw (IN)
                         net (fo=0)                   0.000     0.000    reset_sw
    V17                  IBUF (Prop_ibuf_I_O)         0.221     0.221 f  reset_sw_IBUF_inst/O
                         net (fo=92, routed)          1.331     1.552    display_unit/AR[0]
    SLICE_X10Y14         FDCE                                         f  display_unit/refresh_counter_reg[19]/CLR
  -------------------------------------------------------------------    -------------------

                         (clock sys_clk_pin rise edge)
                                                      0.000     0.000 r  
    W5                                                0.000     0.000 r  clk_100MHz (IN)
                         net (fo=0)                   0.000     0.000    clk_100MHz
    W5                   IBUF (Prop_ibuf_I_O)         0.414     0.414 r  clk_100MHz_IBUF_inst/O
                         net (fo=1, routed)           0.685     1.099    clk_100MHz_IBUF
    BUFGCTRL_X0Y1        BUFG (Prop_bufg_I_O)         0.029     1.128 r  clk_100MHz_IBUF_BUFG_inst/O
                         net (fo=45, routed)          0.831     1.958    display_unit/clk_100MHz_IBUF_BUFG
    SLICE_X10Y14         FDCE                                         r  display_unit/refresh_counter_reg[19]/C

Slack:                    inf
  Source:                 reset_sw
                            (input port)
  Destination:            display_unit/refresh_counter_reg[12]/CLR
                            (removal check against rising-edge clock sys_clk_pin  {rise@0.000ns fall@5.000ns period=10.000ns})
  Path Group:             (none)
  Path Type:              Removal (Min at Fast Process Corner)
  Data Path Delay:        1.670ns  (logic 0.221ns (13.228%)  route 1.449ns (86.772%))
  Logic Levels:           1  (IBUF=1)
  Clock Path Skew:        1.958ns (DCD - SCD - CPR)
    Destination Clock Delay (DCD):    1.958ns
    Source Clock Delay      (SCD):    0.000ns
    Clock Pessimism Removal (CPR):    -0.000ns

    Location             Delay type                Incr(ns)  Path(ns)    Netlist Resource(s)
  -------------------------------------------------------------------    -------------------
    V17                                               0.000     0.000 f  reset_sw (IN)
                         net (fo=0)                   0.000     0.000    reset_sw
    V17                  IBUF (Prop_ibuf_I_O)         0.221     0.221 f  reset_sw_IBUF_inst/O
                         net (fo=92, routed)          1.449     1.670    display_unit/AR[0]
    SLICE_X10Y13         FDCE                                         f  display_unit/refresh_counter_reg[12]/CLR
  -------------------------------------------------------------------    -------------------

                         (clock sys_clk_pin rise edge)
                                                      0.000     0.000 r  
    W5                                                0.000     0.000 r  clk_100MHz (IN)
                         net (fo=0)                   0.000     0.000    clk_100MHz
    W5                   IBUF (Prop_ibuf_I_O)         0.414     0.414 r  clk_100MHz_IBUF_inst/O
                         net (fo=1, routed)           0.685     1.099    clk_100MHz_IBUF
    BUFGCTRL_X0Y1        BUFG (Prop_bufg_I_O)         0.029     1.128 r  clk_100MHz_IBUF_BUFG_inst/O
                         net (fo=45, routed)          0.831     1.958    display_unit/clk_100MHz_IBUF_BUFG
    SLICE_X10Y13         FDCE                                         r  display_unit/refresh_counter_reg[12]/C

Slack:                    inf
  Source:                 reset_sw
                            (input port)
  Destination:            display_unit/refresh_counter_reg[13]/CLR
                            (removal check against rising-edge clock sys_clk_pin  {rise@0.000ns fall@5.000ns period=10.000ns})
  Path Group:             (none)
  Path Type:              Removal (Min at Fast Process Corner)
  Data Path Delay:        1.670ns  (logic 0.221ns (13.228%)  route 1.449ns (86.772%))
  Logic Levels:           1  (IBUF=1)
  Clock Path Skew:        1.958ns (DCD - SCD - CPR)
    Destination Clock Delay (DCD):    1.958ns
    Source Clock Delay      (SCD):    0.000ns
    Clock Pessimism Removal (CPR):    -0.000ns

    Location             Delay type                Incr(ns)  Path(ns)    Netlist Resource(s)
  -------------------------------------------------------------------    -------------------
    V17                                               0.000     0.000 f  reset_sw (IN)
                         net (fo=0)                   0.000     0.000    reset_sw
    V17                  IBUF (Prop_ibuf_I_O)         0.221     0.221 f  reset_sw_IBUF_inst/O
                         net (fo=92, routed)          1.449     1.670    display_unit/AR[0]
    SLICE_X10Y13         FDCE                                         f  display_unit/refresh_counter_reg[13]/CLR
  -------------------------------------------------------------------    -------------------

                         (clock sys_clk_pin rise edge)
                                                      0.000     0.000 r  
    W5                                                0.000     0.000 r  clk_100MHz (IN)
                         net (fo=0)                   0.000     0.000    clk_100MHz
    W5                   IBUF (Prop_ibuf_I_O)         0.414     0.414 r  clk_100MHz_IBUF_inst/O
                         net (fo=1, routed)           0.685     1.099    clk_100MHz_IBUF
    BUFGCTRL_X0Y1        BUFG (Prop_bufg_I_O)         0.029     1.128 r  clk_100MHz_IBUF_BUFG_inst/O
                         net (fo=45, routed)          0.831     1.958    display_unit/clk_100MHz_IBUF_BUFG
    SLICE_X10Y13         FDCE                                         r  display_unit/refresh_counter_reg[13]/C

Slack:                    inf
  Source:                 reset_sw
                            (input port)
  Destination:            display_unit/refresh_counter_reg[14]/CLR
                            (removal check against rising-edge clock sys_clk_pin  {rise@0.000ns fall@5.000ns period=10.000ns})
  Path Group:             (none)
  Path Type:              Removal (Min at Fast Process Corner)
  Data Path Delay:        1.670ns  (logic 0.221ns (13.228%)  route 1.449ns (86.772%))
  Logic Levels:           1  (IBUF=1)
  Clock Path Skew:        1.958ns (DCD - SCD - CPR)
    Destination Clock Delay (DCD):    1.958ns
    Source Clock Delay      (SCD):    0.000ns
    Clock Pessimism Removal (CPR):    -0.000ns

    Location             Delay type                Incr(ns)  Path(ns)    Netlist Resource(s)
  -------------------------------------------------------------------    -------------------
    V17                                               0.000     0.000 f  reset_sw (IN)
                         net (fo=0)                   0.000     0.000    reset_sw
    V17                  IBUF (Prop_ibuf_I_O)         0.221     0.221 f  reset_sw_IBUF_inst/O
                         net (fo=92, routed)          1.449     1.670    display_unit/AR[0]
    SLICE_X10Y13         FDCE                                         f  display_unit/refresh_counter_reg[14]/CLR
  -------------------------------------------------------------------    -------------------

                         (clock sys_clk_pin rise edge)
                                                      0.000     0.000 r  
    W5                                                0.000     0.000 r  clk_100MHz (IN)
                         net (fo=0)                   0.000     0.000    clk_100MHz
    W5                   IBUF (Prop_ibuf_I_O)         0.414     0.414 r  clk_100MHz_IBUF_inst/O
                         net (fo=1, routed)           0.685     1.099    clk_100MHz_IBUF
    BUFGCTRL_X0Y1        BUFG (Prop_bufg_I_O)         0.029     1.128 r  clk_100MHz_IBUF_BUFG_inst/O
                         net (fo=45, routed)          0.831     1.958    display_unit/clk_100MHz_IBUF_BUFG
    SLICE_X10Y13         FDCE                                         r  display_unit/refresh_counter_reg[14]/C

Slack:                    inf
  Source:                 reset_sw
                            (input port)
  Destination:            display_unit/refresh_counter_reg[15]/CLR
                            (removal check against rising-edge clock sys_clk_pin  {rise@0.000ns fall@5.000ns period=10.000ns})
  Path Group:             (none)
  Path Type:              Removal (Min at Fast Process Corner)
  Data Path Delay:        1.670ns  (logic 0.221ns (13.228%)  route 1.449ns (86.772%))
  Logic Levels:           1  (IBUF=1)
  Clock Path Skew:        1.958ns (DCD - SCD - CPR)
    Destination Clock Delay (DCD):    1.958ns
    Source Clock Delay      (SCD):    0.000ns
    Clock Pessimism Removal (CPR):    -0.000ns

    Location             Delay type                Incr(ns)  Path(ns)    Netlist Resource(s)
  -------------------------------------------------------------------    -------------------
    V17                                               0.000     0.000 f  reset_sw (IN)
                         net (fo=0)                   0.000     0.000    reset_sw
    V17                  IBUF (Prop_ibuf_I_O)         0.221     0.221 f  reset_sw_IBUF_inst/O
                         net (fo=92, routed)          1.449     1.670    display_unit/AR[0]
    SLICE_X10Y13         FDCE                                         f  display_unit/refresh_counter_reg[15]/CLR
  -------------------------------------------------------------------    -------------------

                         (clock sys_clk_pin rise edge)
                                                      0.000     0.000 r  
    W5                                                0.000     0.000 r  clk_100MHz (IN)
                         net (fo=0)                   0.000     0.000    clk_100MHz
    W5                   IBUF (Prop_ibuf_I_O)         0.414     0.414 r  clk_100MHz_IBUF_inst/O
                         net (fo=1, routed)           0.685     1.099    clk_100MHz_IBUF
    BUFGCTRL_X0Y1        BUFG (Prop_bufg_I_O)         0.029     1.128 r  clk_100MHz_IBUF_BUFG_inst/O
                         net (fo=45, routed)          0.831     1.958    display_unit/clk_100MHz_IBUF_BUFG
    SLICE_X10Y13         FDCE                                         r  display_unit/refresh_counter_reg[15]/C

Slack:                    inf
  Source:                 reset_sw
                            (input port)
  Destination:            display_unit/refresh_counter_reg[10]/CLR
                            (removal check against rising-edge clock sys_clk_pin  {rise@0.000ns fall@5.000ns period=10.000ns})
  Path Group:             (none)
  Path Type:              Removal (Min at Fast Process Corner)
  Data Path Delay:        1.793ns  (logic 0.221ns (12.324%)  route 1.572ns (87.676%))
  Logic Levels:           1  (IBUF=1)
  Clock Path Skew:        1.959ns (DCD - SCD - CPR)
    Destination Clock Delay (DCD):    1.959ns
    Source Clock Delay      (SCD):    0.000ns
    Clock Pessimism Removal (CPR):    -0.000ns

    Location             Delay type                Incr(ns)  Path(ns)    Netlist Resource(s)
  -------------------------------------------------------------------    -------------------
    V17                                               0.000     0.000 f  reset_sw (IN)
                         net (fo=0)                   0.000     0.000    reset_sw
    V17                  IBUF (Prop_ibuf_I_O)         0.221     0.221 f  reset_sw_IBUF_inst/O
                         net (fo=92, routed)          1.572     1.793    display_unit/AR[0]
    SLICE_X10Y12         FDCE                                         f  display_unit/refresh_counter_reg[10]/CLR
  -------------------------------------------------------------------    -------------------

                         (clock sys_clk_pin rise edge)
                                                      0.000     0.000 r  
    W5                                                0.000     0.000 r  clk_100MHz (IN)
                         net (fo=0)                   0.000     0.000    clk_100MHz
    W5                   IBUF (Prop_ibuf_I_O)         0.414     0.414 r  clk_100MHz_IBUF_inst/O
                         net (fo=1, routed)           0.685     1.099    clk_100MHz_IBUF
    BUFGCTRL_X0Y1        BUFG (Prop_bufg_I_O)         0.029     1.128 r  clk_100MHz_IBUF_BUFG_inst/O
                         net (fo=45, routed)          0.832     1.959    display_unit/clk_100MHz_IBUF_BUFG
    SLICE_X10Y12         FDCE                                         r  display_unit/refresh_counter_reg[10]/C

Slack:                    inf
  Source:                 reset_sw
                            (input port)
  Destination:            display_unit/refresh_counter_reg[11]/CLR
                            (removal check against rising-edge clock sys_clk_pin  {rise@0.000ns fall@5.000ns period=10.000ns})
  Path Group:             (none)
  Path Type:              Removal (Min at Fast Process Corner)
  Data Path Delay:        1.793ns  (logic 0.221ns (12.324%)  route 1.572ns (87.676%))
  Logic Levels:           1  (IBUF=1)
  Clock Path Skew:        1.959ns (DCD - SCD - CPR)
    Destination Clock Delay (DCD):    1.959ns
    Source Clock Delay      (SCD):    0.000ns
    Clock Pessimism Removal (CPR):    -0.000ns

    Location             Delay type                Incr(ns)  Path(ns)    Netlist Resource(s)
  -------------------------------------------------------------------    -------------------
    V17                                               0.000     0.000 f  reset_sw (IN)
                         net (fo=0)                   0.000     0.000    reset_sw
    V17                  IBUF (Prop_ibuf_I_O)         0.221     0.221 f  reset_sw_IBUF_inst/O
                         net (fo=92, routed)          1.572     1.793    display_unit/AR[0]
    SLICE_X10Y12         FDCE                                         f  display_unit/refresh_counter_reg[11]/CLR
  -------------------------------------------------------------------    -------------------

                         (clock sys_clk_pin rise edge)
                                                      0.000     0.000 r  
    W5                                                0.000     0.000 r  clk_100MHz (IN)
                         net (fo=0)                   0.000     0.000    clk_100MHz
    W5                   IBUF (Prop_ibuf_I_O)         0.414     0.414 r  clk_100MHz_IBUF_inst/O
                         net (fo=1, routed)           0.685     1.099    clk_100MHz_IBUF
    BUFGCTRL_X0Y1        BUFG (Prop_bufg_I_O)         0.029     1.128 r  clk_100MHz_IBUF_BUFG_inst/O
                         net (fo=45, routed)          0.832     1.959    display_unit/clk_100MHz_IBUF_BUFG
    SLICE_X10Y12         FDCE                                         r  display_unit/refresh_counter_reg[11]/C





